pair,t,ours_r,ours_g,ours_b,mixbox_r,mixbox_g,mixbox_b,deltaE00_approx,reference_deltaE00_approx
yellow_blue,0.25,97.936833825,172.141478865,86.06018358,149.0,191.0,45.0,12.592504629679443,12.698939465055894
yellow_blue,0.5,49.3850646,144.450328125,112.492203735,93.0,165.5,88.0,13.529862364165156,13.573966267902545
yellow_blue,0.75,2.951296815,117.65571633,141.87719733,55.0,130.0,149.0,5.5180542433674,5.533571036963658
red_blue,0.25,124.0561383,0.0,66.14592339,172.0,37.0,77.0,12.322501474374262,12.633291866847395
red_blue,0.5,87.921536445,0.0,70.97578353,123.0,36.0,123.0,11.180216781485564,11.315455588589186
red_blue,0.75,77.83709811,0.0,88.67657895,76.0,41.0,183.0,16.779479573202075,16.824041603955482
red_yellow,0.25,235.71346617,83.64904587,27.82990236,248.0,58.0,42.0,7.1667371520791665,7.164408416068495
red_yellow,0.5,242.03372787,118.49102544,14.15811255,254.0,97.0,42.0,9.792371899012197,9.770947000317566
red_yellow,0.75,248.539237125,154.59896016,5.963174745,255.0,150.0,33.0,4.032450744458846,3.988721406867875
cyan_magenta,0.25,127.019181435,130.47230703,122.74473756,62.0,122.0,192.0,27.222486833521295,28.514192080711812
cyan_magenta,0.5,147.554244735,101.045454675,129.86423301,117.5,71.5,177.0,19.256433448882383,18.219621217963777
cyan_magenta,0.75,169.099164645,72.220269975,145.00871565,170.0,30.0,165.0,8.30913173353721,7.443264202176358
magenta_yellow,0.25,228.71050266,81.71835417,139.834852605,228.0,53.0,108.0,7.168901573912358,6.973664087591367
magenta_yellow,0.5,236.987765685,120.28421757,115.722987945,239.0,104.0,75.0,8.79344502999562,9.049702821268484
magenta_yellow,0.75,245.21573772,157.93993854,84.074881335,248.0,157.0,43.0,5.925918335002165,6.9754319627483
black_white,0.25,98.385194715,98.385210015,98.385202365,64.0,62.0,65.0,12.643417377995437,12.643413813865328
black_white,0.5,141.432803475,141.432818775,141.432818775,124.0,122.0,127.0,7.63015480595633,7.630153723116257
black_white,0.75,181.223143725,181.223143725,181.223143725,186.0,184.0,189.0,3.25815951538999,3.25815951538999
red_green,0.25,164.86316712,76.75243113,40.339695675,191.0,58.0,43.0,8.219058325749486,8.316329239237618
red_green,0.5,137.105747745,100.09024686,38.83736649,146.0,88.0,48.0,10.055912661634666,10.17336675113362
red_green,0.75,110.408836395,124.987605105,41.419464615,93.0,124.0,54.0,5.622544882603867,5.552508656483122
blue_orange,0.25,80.23025526,72.66464088,120.214765005,62.0,101.0,142.0,15.127573600872076,15.027081416462226
blue_orange,0.5,102.633222375,87.42988089,91.01666805,99.0,118.0,73.0,29.7896205707932,29.38621083440798
blue_orange,0.75,131.618051865,106.86636237,66.32883795,155.0,124.0,31.0,11.68211742045965,11.652294024960128
yellow_purple,0.25,186.29669232,165.80572923,101.74720116,209.0,177.0,42.0,10.131227704914147,10.121868622570682
yellow_purple,0.5,162.1691421,130.4763651,133.95118737,178.0,139.0,70.0,24.97737389203491,24.895442975702718
yellow_purple,0.75,148.123606185,93.16357578,158.114136435,158.0,94.0,111.0,14.839495363823522,14.838386582938131
blue_white,0.25,59.40778299,151.191059835,255.0,57.0,116.0,254.0,12.104006700062106,12.176069430767456
blue_white,0.5,106.99199883,187.85819553,255.0,108.0,161.0,254.0,9.066978442954676,9.17362259898359
blue_white,0.75,155.084710935,216.788718435,255.0,176.0,207.0,254.0,8.348158614106532,8.46805476235016
red_white,0.25,252.24239685,122.493806595,79.7501586,244.0,71.0,101.0,18.882765991194155,18.85706479897499
red_white,0.5,255.0,165.967691715,123.882335655,252.0,119.0,148.0,23.242781347076107,23.16787255766424
red_white,0.75,255.0,201.318988395,168.54260088,255.0,178.0,194.0,19.441255710852314,19.350684556778628
extreme_yellow_blue,0.25,115.689405465,209.62347318,93.291461595,145.0,206.0,53.0,7.274256564772169,7.380886289244862
extreme_yellow_blue,0.5,60.29126976,173.762532735,123.866042175,77.0,149.0,100.0,8.123905995610937,8.194067254304972
extreme_yellow_blue,0.75,0.0,130.242282495,153.44335116,36.0,83.0,161.0,23.644360963388266,23.695076703703013
official_default,0.25,44.26578558,67.91928825,120.91616928,14.0,87.0,80.0,26.735544684864134,26.545880686745647
official_default,0.5,72.784995525,96.823721595,106.603910505,41.0,128.0,57.0,29.53010961610603,29.960387774096294
official_default,0.75,110.50619463,131.1191691,87.375323385,112.0,169.0,38.0,16.885695027435037,17.65250481029102
