source_row,role,family,fitted_spectral_rmse,fitted_spectral_mae,fitted_spectral_max_abs,fitted_delta_e_2000,equal_s_baseline_spectral_rmse,equal_s_baseline_spectral_mae,equal_s_baseline_spectral_max_abs,equal_s_baseline_delta_e_2000
1,fit,W,7.258340236917172e-17,4.8348422040127785e-17,1.1102230246251565e-16,0.0,7.258340236917172e-17,4.8348422040127785e-17,1.1102230246251565e-16,0.0
2,fit,Y+W,0.005952461567122467,0.0037278886172157624,0.018319794126394673,0.3425747025464765,0.046758035020376267,0.041771130833595564,0.09367645364058941,2.710311496466482
3,fit,Y+W,0.0036449619959816,0.002975123217656263,0.007956132954253126,0.17609101376689837,0.04304197634512666,0.037705406665184786,0.0794467390040065,2.5025704332087755
4,fit,Y+W,0.004220692362176319,0.0032494169005569387,0.009895907672186066,0.2784307620726032,0.050241068616506075,0.03839152048581622,0.09722742786843827,3.06344788973415
5,fit,Y+W,0.0078957651904091,0.007053878184208418,0.014441565202592765,0.44268318038168075,0.04167013235268116,0.027047379187395283,0.08642645427005907,2.8024718979037346
6,fit,Y+W,0.010236001371394084,0.008166192936217296,0.023194558025313117,0.872193595668797,0.03634969245633889,0.02379282468011649,0.08094330513167491,3.235940723787495
13,fit,R,2.3013707539344673e-17,7.386564478352856e-18,1.1102230246251565e-16,8.828579614359399e-15,2.3013707539344673e-17,7.386564478352856e-18,1.1102230246251565e-16,8.828579614359399e-15
14,fit,R+W,0.02524528433126515,0.018859580106509975,0.06058943089170071,2.1632657535908337,0.08120841677557901,0.057824465348748286,0.19452124650469899,7.196400043554308
15,fit,R+W,0.02072712442336323,0.018249293126952025,0.04670640073365295,2.0185676046391965,0.1127990058774794,0.09178959317347982,0.2515486035942811,9.550778841702975
16,fit,R+W,0.02158043476901251,0.020232236438628277,0.031189625379527297,1.6035762639319833,0.11469787795405534,0.09438278681061409,0.24660586293355302,8.653058377294485
17,fit,R+W,0.02616460380060949,0.022183781807346106,0.04345713962499809,1.336094728915137,0.10042592048234232,0.0786260020967371,0.20433604738605982,7.018043739957354
18,fit,R+W,0.03289203208260086,0.030627378034389603,0.049442050877784305,1.2264142390524115,0.07452297353534093,0.057352299719821496,0.1516114753955281,5.6479618981777255
19,fit,R+W,0.01629710708675119,0.014956777041854613,0.02893594776294728,2.0677764131350513,0.04573464638950849,0.03441183213371596,0.08783758854473511,5.001325681606621
26,fit,Y,5.0944537656090266e-17,2.6188728605069218e-17,1.1102230246251565e-16,9.77164657471164e-15,5.0944537656090266e-17,2.6188728605069218e-17,1.1102230246251565e-16,9.77164657471164e-15
31,fit,B,8.076701741402097e-18,3.3575293083422074e-18,2.7755575615628914e-17,0.0,9.491249653201783e-18,4.252870457233463e-18,2.7755575615628914e-17,0.0
32,fit,B+W,0.040171442725379994,0.03833301577423066,0.06498839118762362,5.903328695824373,0.14265505790322372,0.12464038394052022,0.22056307747135023,14.180106644754735
33,fit,B+W,0.029734597904660143,0.026513924840479666,0.052990513576856496,3.7340735941423926,0.1936123293885615,0.17525938418081324,0.2800520943266755,19.717519558275466
34,fit,B+W,0.022341173406947308,0.020855005002836685,0.03044865776743061,2.4044896089512404,0.2014950212361519,0.19208342711430484,0.2796589007936916,20.271780266013494
35,fit,B+W,0.02639721331566904,0.02376695772395647,0.043011174083398496,1.6374218864274808,0.18483975757729226,0.17838856290473618,0.27695066366905524,16.805074579039267
36,fit,B+W,0.029103679434070218,0.02405007869001643,0.058028989766696126,2.32922150516031,0.15336504427861444,0.14390761766198004,0.24431271677967398,13.31542112054658
37,fit,B+W,0.03196572674732974,0.026717327650879478,0.04844868632856458,2.7062316370908595,0.08940914536951461,0.07667693572678626,0.1559391816881569,9.107389902090775
60,holdout,Y+B,0.022273951908025627,0.016174160042875026,0.05927526747249473,4.611987173006993,0.032924888725303005,0.025373185534293276,0.08539360708396135,14.276254513307642
61,holdout,Y+B+W,0.03227497329422858,0.02847124201544431,0.053994916779850716,5.828703483610688,0.13755667089685844,0.11693235601507472,0.25089007433796784,23.274486353702184
62,holdout,Y+B+W,0.061416439473057374,0.057445419297182596,0.10239547484697886,3.8039888793373566,0.10903843847259505,0.08903857340162723,0.19298039123387783,12.591116882307707
66,holdout,Y+R,0.012911340757502556,0.010796556853959735,0.028339470757367813,3.040438745625006,0.03142600362043443,0.026214978994905113,0.07226755750393499,3.082252046889487
67,holdout,Y+R+W,0.014784969935356137,0.010831559320562721,0.035817876161214623,3.0934774002932888,0.08982614334325788,0.06490172272366346,0.22920005068712412,6.2126205672692825
68,holdout,Y+R+W,0.051857608017478955,0.0455562488270581,0.08867508496238724,3.3346851533135298,0.04036873969737307,0.03076128546169829,0.10731319222790392,3.9917840742364397
69,holdout,Y+R,0.012003561206274804,0.00929754220578854,0.026690798972546115,1.356663656151212,0.036410336264984564,0.026182715733448787,0.07275675072836707,6.1188927010771454
70,holdout,Y+R+W,0.017637303923064854,0.015003240741045575,0.02755329017185576,2.4359619822114613,0.06809165884539993,0.04625400838491938,0.18611872951920794,4.473240056815459
71,holdout,Y+R,0.01699638047172203,0.016588214726163814,0.022678638073798885,3.2643575137928114,0.02080420387555657,0.019379887882757716,0.02951929113370444,3.3721193553519417
72,holdout,Y+R+W,0.019911391486849322,0.016983361560890118,0.04075381659009297,2.2514195474642023,0.08900419283448012,0.0620191988758355,0.23608689186421905,7.138589712481316
84,holdout,Y+R,0.016507597307807462,0.01309912696566419,0.03489326918426755,2.734582087896269,0.04943969180713155,0.03310186745815995,0.11589435580553428,8.760889726103708
85,holdout,Y+R+W,0.014816526406616383,0.012342937581502228,0.025794623442742692,2.0536424680138894,0.05403281429212456,0.03929683835749078,0.14869008141483542,4.086245466000773
86,holdout,Y+R,0.040621609450476936,0.03407398679830595,0.0812109943692143,5.328075624082128,0.04198316829486854,0.03504923190236928,0.0868027149132905,5.302422659387352
87,holdout,Y+R+W,0.019636114930004927,0.015757175041713194,0.05016781016276098,2.265609352393588,0.10785174018210805,0.08601783345608031,0.2539551555745005,8.924477476479208
112,holdout,R+B,0.037824515611767036,0.02652001773137373,0.11146646264068766,7.223977483824586,0.03216101409758424,0.029478561680292472,0.054720478447413595,7.98731743469759
113,holdout,R+B,0.05433870876917139,0.03712603960141022,0.1534666984984217,4.53838549007957,0.061161591405143184,0.044845733214743305,0.13797484381759348,9.0868378411846
114,holdout,R+B+W,0.018488804393434977,0.017044763892510507,0.029268638744946923,2.781207722636359,0.09565867956193201,0.0863940402749848,0.17693718402751668,11.00925329903167
115,holdout,R+B+W,0.062423063734961495,0.06163728382888628,0.07054971458883885,2.911949858069583,0.07925176614148015,0.06996722163591554,0.13485675701461342,7.014571049312269
172,holdout,Y+R+B,0.006394996226948569,0.005354646721078502,0.015866046970856584,1.7814698007176586,0.0342045799717929,0.0288245393313389,0.06759841619364441,5.313067781268566
173,holdout,Y+R+B+W,0.013266397044331565,0.010598925502239377,0.02929186494966929,2.2533038145905895,0.07223996638840717,0.06311418795327418,0.11934837651839655,6.785561294875597
174,holdout,Y+R+B,0.030140974748097245,0.02318625029704736,0.08265595244014656,5.45025576238474,0.0349773779881062,0.03348127041387325,0.05490050559846982,6.196029795269337
175,holdout,Y+R+B+W,0.016719552669820507,0.015460033251166355,0.028075404474978916,5.1849893426317575,0.07833508258773467,0.0672031331949295,0.14613423047852464,9.78085880554073
176,holdout,Y+R+B,0.013369965988336851,0.011552191838262142,0.021829060986970468,6.421467318365277,0.02569384328882606,0.02179137217810122,0.053766221316868874,8.835363403417803
177,holdout,Y+R+B+W,0.02903815590716269,0.02530150125402769,0.04844407048274982,6.980677838941669,0.10037906075445333,0.0872520223941978,0.19548309990134544,15.877588742795837
