wavelength_nm,fitted_fit_signed_bias,fitted_fit_rmse,fitted_holdout_signed_bias,fitted_holdout_rmse,baseline_fit_signed_bias,baseline_fit_rmse,baseline_holdout_signed_bias,baseline_holdout_rmse
400,0.003626393529635768,0.014520679218505023,0.016740274784206758,0.02192753582440441,-0.05761130311225949,0.07516762258223296,-0.011990619489961189,0.035772202286055384
410,0.0020133889315951856,0.01574101935035538,0.01857085005110085,0.02848551438991412,-0.08769880792452701,0.11227449373429707,-0.016557111750016056,0.04272195458153746
420,0.0008119753136396782,0.015714633634678437,0.01911702843336701,0.03182398343079237,-0.09698921423996143,0.1246026401017894,-0.015284113934306528,0.04243077645728653
430,0.00035439254903540544,0.015137340516699528,0.01887781741189643,0.03279525395424382,-0.0955254997209997,0.12414786902599526,-0.012327158702820017,0.0389651836372985
440,-4.712914440562924e-06,0.014709539411100325,0.01829698250367869,0.033008974199225175,-0.09318462504600296,0.12230056569776676,-0.010358942673568378,0.03587258427820319
450,-0.00011749491461961457,0.014538770579256757,0.0177179135124636,0.03302389885793543,-0.09033469638252371,0.12023334515926425,-0.00834751456180323,0.03240971544516672
460,-0.00030785441940101287,0.014665812699516695,0.016781273499099345,0.03231451084171605,-0.08815665416540071,0.11911422753129071,-0.007284035984304681,0.030264386341126607
470,-0.00044352422721554205,0.015340273412326468,0.01479264172596173,0.030088876611945668,-0.08680067605570407,0.1190057295282005,-0.00911651332826982,0.031752586796672415
480,-0.00019030036129233903,0.01622428954565659,0.012906644779806983,0.026797987538261268,-0.08491624914467186,0.11925542084301795,-0.014607581389616682,0.03810129314262197
490,0.0002365959152967159,0.01609180170797513,0.010610194058078351,0.024183823013689976,-0.08109227583273777,0.11821901192650136,-0.014218889543252275,0.046486910868806554
500,0.0008557661565120568,0.017036475194389545,0.008886018756630625,0.02301727385273728,-0.0754289734850242,0.11859016913678792,-0.004613328060869097,0.058070311942927125
510,0.0004054713669505789,0.019200787528225,0.0056635067870996056,0.02286966405605726,-0.0722066903593389,0.12013331166345372,-0.0019960994511811123,0.07000379963599815
520,-0.0008852641502104453,0.02011082542137124,0.00254535611397019,0.02463169397054264,-0.06981532231759927,0.11789279950403474,-0.007285694074562796,0.0734590673322217
530,-0.0017137460078838762,0.01958078239082804,0.0014367202143945837,0.025640158918881092,-0.06345635274174238,0.10976003398248257,-0.008838976079719988,0.07266517038460636
540,-0.002064766555670568,0.018620958886179602,0.0013106307065837628,0.025820488021844647,-0.05546883270850215,0.09760414659460152,-0.00760243154211239,0.06892661056200255
550,-0.0025353732972520425,0.018866504012801998,-0.0004721438908783079,0.02693133923284019,-0.05563447037723854,0.09024676566762974,-0.016626647487071277,0.06658309482123705
560,-0.0029224389371171533,0.020897187014502716,-0.0028530500162697106,0.029401594441415782,-0.06354491948740544,0.08980672282634182,-0.03732867497897235,0.07214755429282901
570,-0.002887074621477445,0.02345150944631336,-0.0036747832751002235,0.030406112850833913,-0.07492954182600395,0.09984092291508262,-0.061296567254624734,0.09010328909037546
580,-0.0017727075102488884,0.025776497822792233,-0.0018316205601882397,0.027869744333332495,-0.0837086232379117,0.11369379573521948,-0.07771851708647036,0.10963880475323343
590,-7.655976151817046e-05,0.025876891653582108,0.001651115476571828,0.02487118707467958,-0.084817807495423,0.11862615603690368,-0.08067895086707884,0.11691495921469383
600,0.0009957210992886062,0.02432519272917527,0.004392142078480901,0.02410386290227521,-0.07758106262313867,0.10975480616121393,-0.07081738159460903,0.10734826859951113
610,0.0014179277765156435,0.022966615534875782,0.006068259246882316,0.024957330991741907,-0.06676291519948363,0.09480245590221856,-0.05584638894196984,0.09134520749569928
620,0.0014976543948096934,0.022244417100054256,0.0069501261339180885,0.026255063251223367,-0.05705003888876231,0.08177093486099252,-0.04274071521503795,0.07827637405433045
630,0.0015483327081336504,0.02215440264492423,0.007429431190652781,0.027749841682886557,-0.050748594543188336,0.07403231015114507,-0.03445835001916696,0.07134426550818691
640,0.0015642262504526922,0.022689742658232183,0.007879438130743864,0.03041845469867254,-0.04872027095212998,0.07293082034782349,-0.031823456983176186,0.07188302511163058
650,0.001700278811749271,0.024198468046171966,0.009085413280398585,0.035296076420681645,-0.05072775199332103,0.0788458905286672,-0.034387205173234646,0.07998787187132968
660,0.002427217526412804,0.02627072157159381,0.012378869259969295,0.041299386415267106,-0.05322045394889292,0.08635807368067948,-0.03696303609375836,0.08888267167153248
670,0.003795458675156834,0.02800834759610017,0.017030646452738888,0.04548925717291965,-0.05350522378278307,0.09083724937440837,-0.03705253223942363,0.09143819754048348
680,0.005478823505606692,0.02844370080523663,0.02023314361455528,0.04588352483652294,-0.04956053920576101,0.0886837732891873,-0.033671403651458806,0.08464787534416154
690,0.006859277163567355,0.027823713729426686,0.01980747532322603,0.043394145337850305,-0.04066165313811928,0.07807755379386618,-0.025807155539928323,0.07045499487262215
700,0.0077357407575043575,0.02739421334726361,0.016766859433037015,0.03917948319669784,-0.029241483853670525,0.062248385853625396,-0.015226510626902,0.0544412489189912
