mode,repeat,iterations,elapsed_ns,ns_per_operation
0,0,100000,2071265,20.71265
0,1,100000,2066358,20.66358
0,2,100000,1923764,19.23764
0,3,100000,1901461,19.01461
0,4,100000,1985747,19.85747
0,5,100000,1904505,19.04505
0,6,100000,1913448,19.13448
1,0,100000,14972785,149.72785
1,1,100000,15956680,159.5668
1,2,100000,17166403,171.66403
1,3,100000,17356258,173.56258
1,4,100000,15986374,159.86374
1,5,100000,15769700,157.697
1,6,100000,15707737,157.07737
2,0,100000,28084930,280.8493
2,1,100000,24546196,245.46196
2,2,100000,24497053,244.97053
2,3,100000,24280638,242.80638
2,4,100000,26139615,261.39615
2,5,100000,24601449,246.01449
2,6,100000,24234729,242.34729
3,0,1000,2394643902,2394643.902
3,1,1000,2302982887,2302982.887
3,2,1000,2320337984,2320337.984
3,3,1000,2307010817,2307010.817
3,4,1000,2440606785,2440606.785
3,5,1000,2551105233,2551105.233
3,6,1000,2439075570,2439075.57
4,0,100000,59226223,592.26223
4,1,100000,60156788,601.56788
4,2,100000,60641155,606.41155
4,3,100000,61237208,612.37208
4,4,100000,61024910,610.2491
4,5,100000,59222147,592.22147
4,6,100000,60171370,601.7137
5,0,100000,21795893,217.95893
5,1,100000,25738514,257.38514
5,2,100000,23904655,239.04655
5,3,100000,22140389,221.40389
5,4,100000,25429059,254.29059
5,5,100000,22605927,226.05927
5,6,100000,21637145,216.37145
6,0,100000,3755309,37.55309
6,1,100000,3136782,31.36782
6,2,100000,3094979,30.94979
6,3,100000,3094969,30.94969
6,4,100000,3667718,36.67718
6,5,100000,3531624,35.31624
6,6,100000,3481168,34.81168
7,0,100000,93133192,931.33192
7,1,100000,82015966,820.15966
7,2,100000,81798390,817.9839
7,3,100000,85562743,855.62743
7,4,100000,81457650,814.5765
7,5,100000,83457477,834.57477
7,6,100000,84902564,849.02564
8,0,100000,3287819,32.87819
8,1,100000,3398555,33.98555
8,2,100000,3402461,34.02461
8,3,100000,3440578,34.40578
8,4,100000,3531194,35.31194
8,5,100000,3125145,31.25145
8,6,100000,3330953,33.30953
9,0,1,533459,533459
9,1,1,259109,259109
9,2,1,258828,258828
9,3,1,294151,294151
9,4,1,259269,259269
9,5,1,272719,272719
9,6,1,267110,267110
