asadi_row_one_based,mixed_ink_row_one_based,max_absolute_difference
1,1,1.1102230246251565e-16
2,2,1.1102230246251565e-16
3,3,1.1102230246251565e-16
4,4,1.1102230246251565e-16
5,5,1.1102230246251565e-16
6,6,1.1102230246251565e-16
7,7,1.1102230246251565e-16
8,8,1.1102230246251565e-16
9,9,1.1102230246251565e-16
10,10,1.1102230246251565e-16
11,11,1.1102230246251565e-16
12,12,1.1102230246251565e-16
13,13,1.1102230246251565e-16
14,14,1.1102230246251565e-16
15,15,1.1102230246251565e-16
16,16,1.1102230246251565e-16
17,17,1.1102230246251565e-16
18,18,1.1102230246251565e-16
19,19,1.1102230246251565e-16
20,20,5.551115123125783e-17
21,21,1.1102230246251565e-16
22,22,1.1102230246251565e-16
23,24,1.1102230246251565e-16
24,25,1.1102230246251565e-16
25,26,1.1102230246251565e-16
26,27,1.1102230246251565e-16
27,28,1.1102230246251565e-16
28,29,1.1102230246251565e-16
29,30,1.1102230246251565e-16
30,31,1.1102230246251565e-16
31,32,2.7755575615628914e-17
32,33,5.551115123125783e-17
33,34,1.1102230246251565e-16
34,35,1.1102230246251565e-16
35,36,1.1102230246251565e-16
36,37,1.1102230246251565e-16
37,38,1.1102230246251565e-16
38,39,6.938893903907228e-18
39,40,2.7755575615628914e-17
40,41,5.551115123125783e-17
41,42,5.551115123125783e-17
42,43,1.1102230246251565e-16
43,44,1.1102230246251565e-16
44,45,1.1102230246251565e-16
45,46,1.1102230246251565e-16
46,47,1.3877787807814457e-17
47,48,2.7755575615628914e-17
48,49,5.551115123125783e-17
49,50,5.551115123125783e-17
50,51,1.1102230246251565e-16
51,52,1.1102230246251565e-16
52,53,1.1102230246251565e-16
53,54,1.1102230246251565e-16
54,55,1.1102230246251565e-16
55,56,1.1102230246251565e-16
56,57,1.1102230246251565e-16
57,58,1.1102230246251565e-16
58,59,1.1102230246251565e-16
59,60,1.1102230246251565e-16
60,61,1.1102230246251565e-16
61,62,5.551115123125783e-17
62,63,1.1102230246251565e-16
63,64,6.938893903907228e-18
64,65,5.551115123125783e-17
65,66,1.1102230246251565e-16
66,67,1.1102230246251565e-16
67,68,1.1102230246251565e-16
68,69,1.1102230246251565e-16
69,70,1.1102230246251565e-16
70,71,1.1102230246251565e-16
71,72,1.1102230246251565e-16
72,73,1.1102230246251565e-16
73,74,2.7755575615628914e-17
74,75,5.551115123125783e-17
75,76,1.1102230246251565e-16
76,77,2.7755575615628914e-17
77,78,5.551115123125783e-17
78,79,1.3877787807814457e-17
79,80,5.551115123125783e-17
80,81,5.551115123125783e-17
81,82,5.551115123125783e-17
82,83,1.3877787807814457e-17
83,84,5.551115123125783e-17
84,85,1.1102230246251565e-16
85,86,1.1102230246251565e-16
86,87,1.1102230246251565e-16
87,88,1.1102230246251565e-16
88,89,1.1102230246251565e-16
89,90,1.1102230246251565e-16
90,91,1.1102230246251565e-16
91,92,1.1102230246251565e-16
92,93,1.1102230246251565e-16
93,94,1.1102230246251565e-16
94,95,1.1102230246251565e-16
95,96,1.1102230246251565e-16
96,97,5.551115123125783e-17
97,98,5.551115123125783e-17
98,99,5.551115123125783e-17
99,100,1.1102230246251565e-16
100,101,2.7755575615628914e-17
101,102,1.1102230246251565e-16
102,103,5.551115123125783e-17
103,104,1.1102230246251565e-16
104,105,5.551115123125783e-17
105,106,5.551115123125783e-17
106,107,5.551115123125783e-17
107,108,1.1102230246251565e-16
108,109,5.551115123125783e-17
109,110,1.1102230246251565e-16
110,111,1.1102230246251565e-16
111,112,1.1102230246251565e-16
112,113,6.938893903907228e-18
113,114,5.551115123125783e-17
114,115,1.1102230246251565e-16
115,116,1.1102230246251565e-16
116,117,6.938893903907228e-18
117,118,1.3877787807814457e-17
118,119,6.938893903907228e-18
119,120,2.7755575615628914e-17
120,121,1.1102230246251565e-16
121,122,5.551115123125783e-17
122,123,2.7755575615628914e-17
123,124,3.469446951953614e-18
124,125,2.7755575615628914e-17
125,126,6.938893903907228e-18
126,127,5.551115123125783e-17
127,128,1.1102230246251565e-16
128,129,5.551115123125783e-17
129,130,5.551115123125783e-17
130,131,6.938893903907228e-18
131,132,6.938893903907228e-18
132,133,5.551115123125783e-17
133,134,5.551115123125783e-17
134,135,3.469446951953614e-18
135,136,6.938893903907228e-18
136,137,5.551115123125783e-17
137,138,2.7755575615628914e-17
138,139,6.938893903907228e-18
139,140,6.938893903907228e-18
140,141,5.551115123125783e-17
141,142,2.7755575615628914e-17
142,143,2.7755575615628914e-17
143,144,1.1102230246251565e-16
144,145,1.1102230246251565e-16
145,146,3.469446951953614e-18
146,147,6.938893903907228e-18
147,148,3.469446951953614e-18
148,151,5.551115123125783e-17
149,152,2.7755575615628914e-17
150,153,1.1102230246251565e-16
151,154,1.1102230246251565e-16
152,155,3.469446951953614e-18
153,156,2.7755575615628914e-17
154,157,5.551115123125783e-17
155,158,1.3877787807814457e-17
156,159,5.551115123125783e-17
157,160,1.1102230246251565e-16
158,161,1.3877787807814457e-17
159,162,5.551115123125783e-17
160,163,1.1102230246251565e-16
161,164,6.938893903907228e-18
162,165,6.938893903907228e-18
163,166,6.938893903907228e-18
164,167,5.551115123125783e-17
165,168,1.1102230246251565e-16
166,169,5.551115123125783e-17
167,170,5.551115123125783e-17
168,171,1.1102230246251565e-16
169,172,1.1102230246251565e-16
170,173,1.1102230246251565e-16
171,174,1.1102230246251565e-16
172,175,2.7755575615628914e-17
173,176,1.1102230246251565e-16
174,177,5.551115123125783e-17
175,178,1.1102230246251565e-16
176,179,5.551115123125783e-17
177,180,2.7755575615628914e-17
178,181,5.551115123125783e-17
179,182,5.551115123125783e-17
180,183,6.938893903907228e-18
181,184,2.7755575615628914e-17
182,185,5.551115123125783e-17
183,186,5.551115123125783e-17
184,187,2.7755575615628914e-17
185,188,5.551115123125783e-17
186,189,2.7755575615628914e-17
187,190,5.551115123125783e-17
188,191,6.938893903907228e-18
189,192,2.7755575615628914e-17
190,193,5.551115123125783e-17
191,194,2.7755575615628914e-17
192,195,5.551115123125783e-17
193,196,5.551115123125783e-17
194,197,1.1102230246251565e-16
195,198,1.1102230246251565e-16
196,199,1.1102230246251565e-16
197,200,5.551115123125783e-17
198,201,5.551115123125783e-17
199,202,1.1102230246251565e-16
200,203,1.1102230246251565e-16
201,204,1.3877787807814457e-17
202,205,5.551115123125783e-17
203,206,2.7755575615628914e-17
204,207,5.551115123125783e-17
205,208,1.1102230246251565e-16
206,209,1.1102230246251565e-16
207,210,1.3877787807814457e-17
208,211,1.1102230246251565e-16
209,212,5.551115123125783e-17
210,213,5.551115123125783e-17
211,214,1.3877787807814457e-17
212,215,5.551115123125783e-17
213,216,5.551115123125783e-17
214,217,1.1102230246251565e-16
215,218,1.3877787807814457e-17
216,219,2.7755575615628914e-17
217,220,5.551115123125783e-17
218,221,5.551115123125783e-17
219,222,5.551115123125783e-17
220,223,1.1102230246251565e-16
221,224,1.1102230246251565e-16
222,225,1.1102230246251565e-16
223,226,1.1102230246251565e-16
224,227,5.551115123125783e-17
225,228,5.551115123125783e-17
226,229,5.551115123125783e-17
227,230,5.551115123125783e-17
228,231,1.1102230246251565e-16
229,232,1.1102230246251565e-16
230,233,1.3877787807814457e-17
231,234,2.7755575615628914e-17
232,235,3.469446951953614e-18
233,236,2.7755575615628914e-17
234,237,6.938893903907228e-18
235,238,5.551115123125783e-17
236,239,6.938893903907228e-18
237,240,2.7755575615628914e-17
238,241,3.469446951953614e-18
239,242,5.551115123125783e-17
240,243,3.469446951953614e-18
241,244,5.551115123125783e-17
242,245,3.469446951953614e-18
243,246,2.7755575615628914e-17
244,247,1.1102230246251565e-16
245,248,1.1102230246251565e-16
246,249,1.3877787807814457e-17
247,250,5.551115123125783e-17
248,251,6.938893903907228e-18
249,252,2.7755575615628914e-17
250,253,2.7755575615628914e-17
251,254,5.551115123125783e-17
252,255,5.551115123125783e-17
253,256,5.551115123125783e-17
254,257,5.551115123125783e-17
255,258,1.1102230246251565e-16
256,259,1.3877787807814457e-17
257,260,5.551115123125783e-17
258,261,6.938893903907228e-18
259,262,5.551115123125783e-17
260,263,1.1102230246251565e-16
261,264,1.3877787807814457e-17
262,265,5.551115123125783e-17
263,266,1.1102230246251565e-16
264,267,1.1102230246251565e-16
265,268,1.1102230246251565e-16
266,269,5.551115123125783e-17
267,270,5.551115123125783e-17
268,271,2.7755575615628914e-17
269,272,5.551115123125783e-17
270,273,1.1102230246251565e-16
271,274,1.3877787807814457e-17
272,275,5.551115123125783e-17
273,276,1.1102230246251565e-16
274,277,6.938893903907228e-18
275,278,2.7755575615628914e-17
276,279,6.938893903907228e-18
277,280,5.551115123125783e-17
278,281,6.938893903907228e-18
279,282,5.551115123125783e-17
280,283,1.3877787807814457e-17
281,284,5.551115123125783e-17
282,285,1.1102230246251565e-16
283,286,2.7755575615628914e-17
284,287,5.551115123125783e-17
285,288,3.469446951953614e-18
286,289,2.7755575615628914e-17
