family_columns_one_based,paint_names,assessment_rows,assessment_count,prior_four_paint_family,gate_min,gate_max,calibration_count,pure_count,white_tint_count,chromatic_pair_count,binary_support,related_white_multicolor_rows
1+2+3,Lemon Yellow; Cadmium Yellow; Scarlet Lake,264,1,False,0.28125,0.28125,28,4,16,8,"{""1+2"": 1, ""1+3"": 5, ""1+8"": 5, ""2+3"": 2, ""2+8"": 5, ""3+8"": 6}","55,56,67,68,70,72,85,87,90,91,265"
1+3+4,Lemon Yellow; Scarlet Lake; Alizarine Lake,"168,169,170",3,False,0.016031250000000004,0.84375,32,4,20,8,"{""1+3"": 5, ""1+4"": 1, ""1+8"": 5, ""3+4"": 2, ""3+8"": 6, ""4+8"": 9}","58,59,67,68,70,72,85,87,110,111,171"
1+3+5,Lemon Yellow; Scarlet Lake; Cobalt Blue,"172,174,176",3,True,0.21600000000000005,0.8640000000000002,29,4,17,8,"{""1+3"": 5, ""1+5"": 1, ""1+8"": 5, ""3+5"": 2, ""3+8"": 6, ""5+8"": 6}","61,62,67,68,70,72,85,87,114,115,173,175,177"
1+3+6,Lemon Yellow; Scarlet Lake; Ultramarine Blue,"191,193,195",3,False,0.00066825,0.060750000000000005,39,4,18,17,"{""1+3"": 5, ""1+6"": 5, ""1+8"": 5, ""3+6"": 7, ""3+8"": 6, ""6+8"": 7}","67,68,70,72,74,75,77,79,81,83,85,87,126,127,128,129,132,133,136,192,194,196"
1+3+7,Lemon Yellow; Scarlet Lake; Viridian Green,"197,199",2,False,0.0120234375,0.162,33,4,18,11,"{""1+3"": 5, ""1+7"": 1, ""1+8"": 5, ""3+7"": 5, ""3+8"": 6, ""7+8"": 7}","64,65,67,68,70,72,85,87,119,120,121,122,140,141,198,200"
1+4+5,Lemon Yellow; Alizarine Lake; Cobalt Blue,178,1,False,1.0,1.0,27,4,20,3,"{""1+4"": 1, ""1+5"": 1, ""1+8"": 5, ""4+5"": 1, ""4+8"": 9, ""5+8"": 6}","58,59,61,62,143,144,179"
1+4+6,Lemon Yellow; Alizarine Lake; Ultramarine Blue,188,1,False,0.21600000000000005,0.21600000000000005,34,4,21,9,"{""1+4"": 1, ""1+6"": 5, ""1+8"": 5, ""4+6"": 3, ""4+8"": 9, ""6+8"": 7}","58,59,74,75,77,79,81,83,148,149,150,151,189,190"
1+4+7,Lemon Yellow; Alizarine Lake; Viridian Green,180,1,False,0.84375,0.84375,28,4,21,3,"{""1+4"": 1, ""1+7"": 1, ""1+8"": 5, ""4+7"": 1, ""4+8"": 9, ""7+8"": 7}","58,59,64,65,153,154,181,182,183"
1+5+7,Lemon Yellow; Cobalt Blue; Viridian Green,"184,186",2,False,0.486,1.0,25,4,18,3,"{""1+5"": 1, ""1+7"": 1, ""1+8"": 5, ""5+7"": 1, ""5+8"": 6, ""7+8"": 7}","61,62,64,65,159,160,185,187"
1+6+7,Lemon Yellow; Ultramarine Blue; Viridian Green,"201,203",2,False,0.21600000000000005,0.8640000000000002,32,4,19,9,"{""1+6"": 5, ""1+7"": 1, ""1+8"": 5, ""6+7"": 3, ""6+8"": 7, ""7+8"": 7}","64,65,74,75,77,79,81,83,164,165,166,167,202,204"
2+3+4,Cadmium Yellow; Scarlet Lake; Alizarine Lake,205,1,False,0.84375,0.84375,30,4,20,6,"{""2+3"": 2, ""2+4"": 2, ""2+8"": 5, ""3+4"": 2, ""3+8"": 6, ""4+8"": 9}","90,91,94,95,110,111,206"
2+3+5,Cadmium Yellow; Scarlet Lake; Cobalt Blue,207,1,False,0.84375,0.84375,27,4,17,6,"{""2+3"": 2, ""2+5"": 2, ""2+8"": 5, ""3+5"": 2, ""3+8"": 6, ""5+8"": 6}","90,91,98,99,114,115,208"
2+3+6,Cadmium Yellow; Scarlet Lake; Ultramarine Blue,209,1,False,0.21600000000000005,0.21600000000000005,33,4,18,11,"{""2+3"": 2, ""2+6"": 2, ""2+8"": 5, ""3+6"": 7, ""3+8"": 6, ""6+8"": 7}","90,91,102,103,126,127,128,129,132,133,136,210"
2+3+7,Cadmium Yellow; Scarlet Lake; Viridian Green,211,1,False,0.21600000000000005,0.21600000000000005,31,4,18,9,"{""2+3"": 2, ""2+7"": 2, ""2+8"": 5, ""3+7"": 5, ""3+8"": 6, ""7+8"": 7}","90,91,106,107,119,120,121,122,140,141,212"
2+4+5,Cadmium Yellow; Alizarine Lake; Cobalt Blue,213,1,False,0.31640625,0.31640625,29,4,20,5,"{""2+4"": 2, ""2+5"": 2, ""2+8"": 5, ""4+5"": 1, ""4+8"": 9, ""5+8"": 6}","94,95,98,99,143,144,214"
2+4+6,Cadmium Yellow; Alizarine Lake; Ultramarine Blue,215,1,False,0.5,0.5,32,4,21,7,"{""2+4"": 2, ""2+6"": 2, ""2+8"": 5, ""4+6"": 3, ""4+8"": 9, ""6+8"": 7}","94,95,102,103,148,149,150,151,216,217"
2+4+7,Cadmium Yellow; Alizarine Lake; Viridian Green,"218,220,222",3,False,0.0007247924804687499,0.31640625,30,4,21,5,"{""2+4"": 2, ""2+7"": 2, ""2+8"": 5, ""4+7"": 1, ""4+8"": 9, ""7+8"": 7}","94,95,106,107,153,154,219,221,223"
2+5+7,Cadmium Yellow; Cobalt Blue; Viridian Green,224,1,False,0.31640625,0.31640625,27,4,18,5,"{""2+5"": 2, ""2+7"": 2, ""2+8"": 5, ""5+7"": 1, ""5+8"": 6, ""7+8"": 7}","98,99,106,107,159,160,225"
2+6+7,Cadmium Yellow; Ultramarine Blue; Viridian Green,"226,228",2,False,0.004113281250000001,0.060750000000000005,30,4,19,7,"{""2+6"": 2, ""2+7"": 2, ""2+8"": 5, ""6+7"": 3, ""6+8"": 7, ""7+8"": 7}","102,103,106,107,164,165,166,167,227,229"
3+4+5,Scarlet Lake; Alizarine Lake; Cobalt Blue,230,1,False,0.8640000000000002,0.8640000000000002,30,4,21,5,"{""3+4"": 2, ""3+5"": 2, ""3+8"": 6, ""4+5"": 1, ""4+8"": 9, ""5+8"": 6}","110,111,114,115,143,144,231"
3+4+6,Scarlet Lake; Alizarine Lake; Ultramarine Blue,232,1,False,0.6480000000000001,0.6480000000000001,38,4,22,12,"{""3+4"": 2, ""3+6"": 7, ""3+8"": 6, ""4+6"": 3, ""4+8"": 9, ""6+8"": 7}","110,111,126,127,128,129,132,133,136,148,149,150,151,233"
3+4+7,Scarlet Lake; Alizarine Lake; Viridian Green,234,1,False,0.8640000000000002,0.8640000000000002,34,4,22,8,"{""3+4"": 2, ""3+7"": 5, ""3+8"": 6, ""4+7"": 1, ""4+8"": 9, ""7+8"": 7}","110,111,119,120,121,122,140,141,153,154,235"
3+5+7,Scarlet Lake; Cobalt Blue; Viridian Green,236,1,False,0.6480000000000001,0.6480000000000001,31,4,19,8,"{""3+5"": 2, ""3+7"": 5, ""3+8"": 6, ""5+7"": 1, ""5+8"": 6, ""7+8"": 7}","114,115,119,120,121,122,140,141,159,160,237"
3+6+7,Scarlet Lake; Ultramarine Blue; Viridian Green,238,1,False,0.8640000000000002,0.8640000000000002,39,4,20,15,"{""3+6"": 7, ""3+7"": 5, ""3+8"": 6, ""6+7"": 3, ""6+8"": 7, ""7+8"": 7}","119,120,121,122,126,127,128,129,132,133,136,137,140,141,164,165,166,167,239"
4+5+7,Alizarine Lake; Cobalt Blue; Viridian Green,240,1,False,0.21600000000000005,0.21600000000000005,29,4,22,3,"{""4+5"": 1, ""4+7"": 1, ""4+8"": 9, ""5+7"": 1, ""5+8"": 6, ""7+8"": 7}","143,144,153,154,159,160,241"
4+6+7,Alizarine Lake; Ultramarine Blue; Viridian Green,242,1,False,0.37800000000000006,0.37800000000000006,34,4,23,7,"{""4+6"": 3, ""4+7"": 1, ""4+8"": 9, ""6+7"": 3, ""6+8"": 7, ""7+8"": 7}","148,149,150,151,153,154,164,165,166,167,243"
