id,max_step_deltaEOK100,min_y,max_y,mapped_count,finite
0,0.04797960424641073,0.05256193621450886,0.3189226594007511,0,true
1,0.11159694698751853,0.3069504542090539,0.4998321662997445,0,true
2,0.05802267980181651,0.21398206282852014,0.5879699181030567,760,true
3,0.009995757778160476,0.34252002715800406,0.37079487268358297,0,true
4,0.08130177298644743,0.1358728334127313,0.36042521822733103,0,true
5,0.9950763903392232,0.24105486763307912,0.3381924241135946,0,true
6,5.227835829969132,0,0.054684385935207865,989,true
7,0.0448055565762135,0.2056919859003256,0.5868011283779889,0,true
8,0.02601847842139349,0.5395919242360023,0.6582394643092416,0,true
9,0.07731298506139642,0.08999046715439443,0.24390456314863707,0,true
10,0.17154587659365994,0.20156484350065582,0.913696266692425,174,true
11,0.047329736688264665,0.07758172649120468,0.21813850241872673,0,true
12,0.009150254826586171,0.24037801087875785,0.28964860667655346,0,true
13,0.15088220087287835,0.08079492949394364,0.39057203170853294,0,true
14,0.03712262694604333,0.034713889675948156,0.058097905865229275,0,true
15,0.01204202792620978,0.38079106438235993,0.43505343822367615,0,true
16,0.4849501895969421,0.08134619423735902,0.6044475584898559,0,true
17,0.8429043578026728,0.06537361932980602,0.22729445088354905,0,true
18,0.10797641267005695,0.23386308807063366,0.7088649445001434,0,true
19,1.1001414997455385,0.08238747698928553,0.4897392324863847,0,true
20,0.06370140399852131,0.2456266963346952,0.6943772347401941,678,true
21,0.3042239655288406,0.10941351014024486,0.3829014307244291,0,true
22,0.03981408164547502,0.03422981486141404,0.07971897933224514,0,true
23,0.07914540331909535,0.05083657877311885,0.2189038667436981,0,true
24,0.07209492846677433,0.1777812449709943,0.6269661261034474,0,true
25,0.017702212489287186,0.4032369786566874,0.46136455694604517,0,true
26,0.0014324207732703677,0.13315513326809855,0.13371227768733132,0,true
27,0.031449182891216614,0.40710769931886326,0.5139078020735088,0,true
28,0.14135267052823489,0.02677754029253917,0.3022727189859945,0,true
29,0.08243373075571359,0.13452492308271752,0.5251917258856674,0,true
30,0.08127378259090025,0.13594774122392597,0.25219572616371394,0,true
31,0.04078895497449571,0.2710441060675602,0.4858218759171589,0,true
32,0.05691648737899071,0.25962951678862495,0.6421446395015783,0,true
33,0.014929750528626655,0.4640497572616229,0.490040911460191,0,true
34,0.01349555137739767,0.20318525870001697,0.26417641795398167,0,true
35,0.01576439844486375,0.04177095129425158,0.08437137756205108,0,true
36,0.03736701365809569,0.27120201115948234,0.6018292256460741,0,true
37,0.08343144898307636,0.26958489919547196,0.5823841975891444,0,true
38,0.0625458748010143,0.1458289976809833,0.41763850084566667,0,true
39,0.04832226288334322,0.16146604985446555,0.384683527979047,0,true
40,0.05262306501589797,0.0968667528545617,0.402971432493377,0,true
41,0.14888003293151503,0.0778298741366386,0.3964035572628687,0,true
42,0.17579944903017758,0.12799661301279483,0.7517436767873876,0,true
43,0.03028231619046198,0.10869604557866552,0.3106137891863206,0,true
44,0.0806556498376068,0.013914777982353205,0.22030926557808583,0,true
45,0.06588788491674553,0.1483518775658778,0.17884083381718108,0,true
46,0.9200992426354406,0.06811718226837674,0.3754296605452116,398,true
47,0.40166618044317975,0.11533875856607374,0.2273526236395217,0,true
48,0.0760662962598067,0.17663346763548649,0.6389893361131056,0,true
49,0.0835412487507265,0.12793056372904923,0.6005824630234164,0,true
50,0.29916748943313376,0.061760601016811634,0.15005315245552503,0,true
51,0.06465007133031993,0.12129049625098783,0.2280879514138297,0,true
52,0.8981141393853384,0.01871561785958501,0.6939784298656865,885,true
53,1.0663247744508966,0.21662915226085647,0.4564458078909976,0,true
54,0.048286074754046435,0.28364055934673804,0.31477833008249423,0,true
55,0.014830632144084487,0.2839659768118765,0.3277095317196328,0,true
56,0.03610865137106825,0.09415542436494545,0.1526176373232612,0,true
57,0.034817874854755425,0.10776641826639796,0.12884369929191167,0,true
58,0.03603936464891234,0.07445132963625706,0.24416923057733902,0,true
59,0.09924137599837039,0.0943682573326781,0.709156543430779,0,true
60,0.318056120736071,0.25135430981843193,0.3958130945511237,0,true
61,0.0575926411990269,0.06360261422681608,0.41780184299123846,0,true
62,0.11693095453164863,0.2349004197574307,0.4408632709460529,0,true
63,0.15999832056479463,0.13579383503788758,0.9050516301143328,0,true
64,0.06703083957830966,0.09389337188272792,0.3600692059858414,433,true
65,0.05405466164798959,0.16473190413696417,0.6693260108103644,0,true
66,0.1424033666728554,0.13818149612485583,0.20401977463974125,0,true
67,0.1696500168064519,0.015478238213567534,0.4204669689206817,0,true
68,0.08317286885893607,0.15477810401032155,0.6961748426317741,0,true
69,0.03669116962575289,0.4290003261733298,0.5229105615650116,0,true
70,0.018509006031840004,0.10717898425805825,0.1690397008818576,973,true
71,0.15307452623033085,0.2042683642563451,0.7352038571527307,617,true
72,0.039321819995591596,0.047323909715087834,0.08965219700942448,0,true
73,0.07827944488924249,0.1987693915788792,0.32099036526599817,0,true
74,0.7176920415150372,0.05608431308282838,0.1704708671369477,0,true
75,0.12777239259119483,0.11767979934351921,0.3996085702825035,0,true
76,0.245255839000586,0.18433089675145364,0.3887539778818778,0,true
77,0.05359399121567363,0.26991393374657524,0.7080760326654805,749,true
78,0.08967858109332455,0.11874016386300512,0.5489933784441785,0,true
79,0.09185517356421766,0.3563400000883232,0.7690792717261277,0,true
80,0.6966602163011003,0.029824864719777446,0.3288968704807134,835,true
81,0.06910822025214693,0.10457504755156485,0.45471096640013053,0,true
82,0.10420594994106508,0.48571571501330013,0.6771940282462955,642,true
83,0.006073953761081398,0.4702271910545836,0.5658459964129264,0,true
84,0.24503265270859015,0.17115908402487506,0.4218301397203452,0,true
85,0.026778229107777413,0.36902704363042943,0.4726692126188975,0,true
86,0.017568487040104268,0.49031237365151453,0.6986044587702827,0,true
87,0.07500158306078532,0.14228952234407188,0.2498427974940212,0,true
88,0.03373884335403911,0.5317825744499617,0.6296319853998675,0,true
89,0.06606390089204504,0.15431418011859488,0.8148580159268003,0,true
90,0.07977392293115639,0.18368156173645825,0.6194044414954623,0,true
91,0.03371495688685513,0.07069108879493854,0.10863253205610517,0,true
92,0.18294102775227478,0.27595746565212403,0.6336105533534331,0,true
93,0.11376594847220683,0.1594142819579708,0.37631095310439827,0,true
94,0.06708889667370725,0.1406404485369505,0.6600353562797753,0,true
95,0.19313631747832286,0.256772969019457,0.6017930463568089,0,true
96,0.041475914596081125,0.0861493571722881,0.11994924462842735,240,true
97,0.3736516219937095,0.13404861681475286,0.5506114334986913,0,true
98,0.34064206452267753,0.25813476602723867,0.3915025418698749,0,true
99,0.6520668456932873,0.13070141111831818,0.7328432386114726,0,true
100,0.3263782228814092,0.21557511326581796,0.4349874094763313,0,true
101,0.0633273497464329,0.027190964754565203,0.22573045659486926,0,true
102,0.05113895292053433,0.10157892771453941,0.19580546053044084,584,true
103,0.023273483370200056,0.3106426893504126,0.5925601049229585,0,true
104,0.049309947252802494,0.1484520914979188,0.246351735901644,0,true
105,0.46641774717045403,0.09254928728069947,0.21119000680768077,0,true
106,0.05857665095303778,0.04382266206290622,0.4436718697952585,0,true
107,0.1299900159041179,0.07989908759816416,0.45189541462214217,0,true
108,0.16536432799227302,0.06871114406810089,0.5609811386063339,0,true
109,0.13807799358972977,0.03307559519670823,0.39353912891528925,0,true
110,1.2378854589706234,0.06630478300755518,0.22730699871642857,0,true
111,0.12578491113337525,0.2374406647212357,0.7287849413407218,0,true
112,0.007924921121915274,0.17123533574417896,0.2289009046433505,0,true
113,0.5457231023996721,0.20247576639168524,0.40274545735300643,0,true
114,0.12030489502027591,0.1142474609397739,0.7148774868804704,0,true
115,0.04839488080959624,0.11035137595401415,0.47453418645119133,0,true
116,0.0766131746329723,0.0677573866317357,0.17940718697669397,0,true
117,0.03110512968017664,0.31748747337098326,0.3682708338077978,0,true
118,0.05442010139460422,0.0956173968004404,0.3499918618572546,0,true
119,0.13084034156761148,0.018265381139349224,0.5179540230842458,0,true
120,0.08895066231702833,0.14212349722930329,0.7812960259551894,0,true
121,0.08480410694070484,0.21470467105857624,0.5102043380552098,0,true
122,0.061722578513653405,0.1273406325133817,0.4123960828912138,0,true
123,0.07248945143006391,0.16142144538756764,0.49966003425454,0,true
124,0.0147856850315273,0.22543425799185893,0.341678383793527,0,true
125,0.016673875686572723,0.7406516629099548,0.8259980832931798,0,true
126,0.0389957382492696,0.41122781555217514,0.6499759446761297,0,true
127,0.0649137345057048,0.05094547009064658,0.4644112430870786,0,true
128,6.422064468155613,0,0.26436806666490426,987,true
129,0.10114214348211645,0.16704030632709813,0.5193457500604803,0,true
130,0.018525548637329067,0.5294490177182198,0.6607703619811408,0,true
131,0.2852414729192988,0.03862832592947267,0.769814552790807,0,true
132,0.05799865049651207,0.176163737897076,0.4679018866245115,0,true
133,1.309790708596985,0.07683816643562215,0.2774568106217476,0,true
134,0.0370886738379628,0.12257840974546581,0.14207725395184106,0,true
135,0.10469352656618251,0.1991665540046864,0.35621561897241627,0,true
136,0.0605783407713119,0.11394513476387072,0.48146978212124175,0,true
137,0.3011130226274628,0.06597449277788484,0.691844290668389,264,true
138,0.04098818158188982,0.1148241864723857,0.23290418204394478,0,true
139,0.0920411189543936,0.06376385881767127,0.28652728089072255,0,true
140,0.12414352547599129,0.15007499868065097,0.5498946277479989,776,true
141,0.14261387058096608,0.05372217386827382,0.5274642674014031,0,true
142,0.0429361071759627,0.035389591127475445,0.1432388646440866,0,true
143,1.548316451792049,0.09031866291322303,0.26350550726803335,641,true
144,0.05586982694821072,0.1962571491466809,0.27855254415431785,0,true
145,0.10127617182066871,0.14630481991285843,0.656952114123549,0,true
146,0.10128836316139628,0.19147407838405212,0.43415211218291405,0,true
147,0.050863367761851845,0.11190089128314701,0.295241581409772,0,true
148,0.07698147514337923,0.45561139180696897,0.704965133664477,0,true
149,0.024005811930903898,0.4692985317534133,0.6427647584523389,0,true
150,0.1409775364796501,0.24233662600404732,0.5446399387346608,0,true
151,0.12627181072112498,0.03901895202158262,0.2805470700777812,0,true
152,0.16741390521120503,0.10666757101585708,0.622499349466002,279,true
153,0.015608897611536303,0.14159396494916926,0.22145297967406863,0,true
154,0.1045131642637637,0.1910033597927028,0.6280590211512976,0,true
155,0.6812015576139111,0.0732784451602474,0.23447661683530696,0,true
156,0.013181226236877867,0.31348349100072936,0.349047340079852,0,true
157,0.17594165007354332,0.21239612814467065,0.4741376293944975,0,true
158,0.0633118368984045,0.03155109237331628,0.060331547539970075,0,true
159,0.0615166886315286,0.4762850917961691,0.5892872560288428,0,true
160,0.5469639992179545,0.029768920566070983,0.21716016707901065,0,true
161,2.090587991781057,0.10064837530406683,0.2918769468804527,677,true
162,0.17519580377169502,0.20872877133591194,0.3971014970933722,0,true
163,0.03344941094314057,0.43959135937322785,0.8317332868637874,0,true
164,0.05176317088881205,0.015140371752805729,0.15589008112566066,0,true
165,0.08142369494298955,0.1830039979305243,0.577290628676178,0,true
166,0.09288886013446432,0.12306426585334809,0.28152470023587334,0,true
167,0.013523076026204981,0.07792430045546757,0.15610895478838732,0,true
168,0.2721118977338785,0.009018425824341881,0.36123406379620027,0,true
169,0.06381419330752082,0.2000143165220234,0.40902069718667655,0,true
170,0.06780026572544776,0.13569419511567862,0.5776300826795714,0,true
171,0.6562411113587842,0.020524547881471226,0.6803204829165065,0,true
172,0.0712358554762729,0.1586828959431964,0.6769231839047971,0,true
173,0.08404959059712153,0.1052615553134869,0.1617764500385906,636,true
174,0.6816742132031751,0.029210672779696346,0.19110573943916304,749,true
175,0.23541708548256188,0.048146338024029914,0.7768535767704119,0,true
176,0.30919022116964684,0.12204490716656523,0.4183963728548669,0,true
177,0.07215253231521053,0.1758229298024231,0.5464037920452807,0,true
178,0.4018484374712632,0.06623041587047021,0.7192136564091591,981,true
179,1.0282155669881332,0.16783112635934963,0.5930200588142296,265,true
180,0.0073612893294773005,0.054920986000472495,0.07052191761183015,0,true
181,0.022512908759095382,0.6669073421534202,0.7859976355952737,0,true
182,0.04313154255887494,0.12844482880069924,0.4258730469538755,0,true
183,0.03475854346824461,0.08587779403801604,0.2511525377953589,0,true
184,0.2869254915675772,0.057053017011464126,0.5981977468812557,0,true
185,0.11925390269154426,0.2228560111740617,0.704206602551491,0,true
186,0.11789529653125765,0.11368070191005084,0.13237816489858392,0,true
187,0.10799280769157678,0.01947696176402044,0.14183406080829544,0,true
188,0.03848247213857599,0.07246668513882064,0.24610181985780355,0,true
189,0.3654213865776527,0.15362370966011002,0.3644017023511934,0,true
190,0.35743699501723286,0.15959158631611356,0.2611871983286743,0,true
191,0.7452152387293632,0.07490399756721261,0.38877694529000073,960,true
192,0.0317251413047486,0.04950214087952476,0.10524164133133182,0,true
193,0.05374481558879558,0.28937584856102877,0.7243551700215349,0,true
194,0.0358203410067937,0.02727739892469305,0.13588059941381864,0,true
195,0.24912440842958225,0.06711503845363931,0.41253795451747505,0,true
196,0.048629360690821175,0.30283802430405915,0.5437415104316548,0,true
197,0.11016388119974069,0.05725573486892642,0.6402474447907515,0,true
198,0.0470391706587912,0.04792431776943515,0.10593210147968773,761,true
199,0.013938556265811246,0.4246174358265443,0.562451324545337,0,true
