yellow_edge_nm,blue_edge_nm,r,g,b,yellow_residual_linear100,blue_residual_linear100
490,490,0,118,146,13.662406897672275,17.176171708306214
490,510,54,134,144,13.662406858701623,17.932433187212666
490,530,86,141,142,13.66240697952408,21.16913602911183
510,490,0,118,132,4.012188908994713,17.176171708306743
510,510,0,133,121,4.012188904093811,20.52643510119142
510,530,85,147,116,4.012188889325468,26.5116741145077
530,490,22,133,128,5.6987885155101745,17.176171708303954
530,510,47,145,113,5.698788720536167,20.526435101281965
530,530,81,153,101,5.6987885234973295,35.725779171885414
550,490,65,146,130,12.0141299618116,17.176171708302654
550,510,84,155,114,12.013081064887311,20.526435101273403
550,530,113,160,103,12.014450695857759,35.72577917136737
