pair,A_spectral,B_palette,C_hybrid
yellow_blue,"22,109,99","0,182,105","81,153,101"
red_blue,"97,0,69","92,102,57","0,0,0"
red_yellow,"241,58,0","238,126,38","242,118,14"
cyan_magenta,"149,49,178","144,112,51","140,95,126"
magenta_yellow,"232,68,72","238,126,38","238,116,114"
black_white,"7,7,7","137,137,137","141,141,141"
red_green,"127,62,20","129,110,43","133,95,37"
blue_orange,"92,62,79","76,134,74","118,75,78"
yellow_purple,"160,78,87","146,142,91","162,131,134"
blue_white,"48,95,255","82,217,252","124,197,255"
red_white,"245,50,62","255,166,103","255,166,124"
extreme_yellow_blue,"0,81,92","40,195,130","92,181,114"
