variant,sample,pair,nominal_first_fraction_within_pair,same_nominal_ratio_in_calibration,calibration_labels,calibration_first_fractions,calibration_rows
base,Bc,CB,0.3333333333333333,False,"BC,bC","0.5,0.666666666667",2
base,Bwc,CB,0.3333333333333333,False,"BC,bC","0.5,0.666666666667",2
base,Bwc,CW,0.5,True,"Wc,WC,wC","0.333333333333,0.5,0.666666666667",3
base,Bwc,BW,0.6666666666666666,True,"Bw,BW,bW","0.666666666667,0.5,0.333333333333",3
base,bWc,CB,0.5,False,"Bc,bC","0.333333333333,0.666666666667",2
base,bWc,CW,0.3333333333333333,True,"Wc,WC,wC","0.333333333333,0.5,0.666666666667",3
base,bWc,BW,0.3333333333333333,True,"Bw,BW,bW","0.666666666667,0.5,0.333333333333",3
base,BC,CB,0.5,False,"Bc,bC","0.333333333333,0.666666666667",2
base,bwC,CB,0.6666666666666666,False,"Bc,BC","0.333333333333,0.5",2
base,bwC,CW,0.6666666666666666,True,"Wc,WC,wC","0.333333333333,0.5,0.666666666667",3
base,bwC,BW,0.5,True,"Bw,BW,bW","0.666666666667,0.5,0.333333333333",3
base,bC,CB,0.6666666666666666,False,"Bc,BC","0.333333333333,0.5",2
base,By,YB,0.3333333333333333,False,"BY,bY","0.5,0.666666666667",2
base,Bwy,YB,0.3333333333333333,False,"BY,bY","0.5,0.666666666667",2
base,Bwy,YW,0.5,True,"Wy,WY,wY","0.333333333333,0.5,0.666666666667",3
base,Bwy,BW,0.6666666666666666,True,"Bw,BW,bW","0.666666666667,0.5,0.333333333333",3
base,bWy,YB,0.5,False,"By,bY","0.333333333333,0.666666666667",2
base,bWy,YW,0.3333333333333333,True,"Wy,WY,wY","0.333333333333,0.5,0.666666666667",3
base,bWy,BW,0.3333333333333333,True,"Bw,BW,bW","0.666666666667,0.5,0.333333333333",3
base,BY,YB,0.5,False,"By,bY","0.333333333333,0.666666666667",2
base,Bcy,YC,0.5,True,"Cy,CY,cY","0.333333333333,0.5,0.666666666667",3
base,Bcy,YB,0.3333333333333333,True,"By,BY,bY","0.333333333333,0.5,0.666666666667",3
base,Bcy,CB,0.3333333333333333,True,"Bc,BC,bC","0.333333333333,0.5,0.666666666667",3
base,Wcy,YC,0.5,False,"Cy,cY","0.333333333333,0.666666666667",2
base,Wcy,YW,0.3333333333333333,True,"Wy,WY,wY","0.333333333333,0.5,0.666666666667",3
base,Wcy,CW,0.3333333333333333,True,"Wc,WC,wC","0.333333333333,0.5,0.666666666667",3
base,CY,YC,0.5,False,"Cy,cY","0.333333333333,0.666666666667",2
base,bCy,YC,0.3333333333333333,True,"Cy,CY,cY","0.333333333333,0.5,0.666666666667",3
base,bCy,YB,0.5,True,"By,BY,bY","0.333333333333,0.5,0.666666666667",3
base,bCy,CB,0.6666666666666666,True,"Bc,BC,bC","0.333333333333,0.5,0.666666666667",3
base,wCy,YC,0.3333333333333333,False,"CY,cY","0.5,0.666666666667",2
base,wCy,YW,0.5,True,"Wy,WY,wY","0.333333333333,0.5,0.666666666667",3
base,wCy,CW,0.6666666666666666,True,"Wc,WC,wC","0.333333333333,0.5,0.666666666667",3
base,Cy,YC,0.3333333333333333,False,"CY,cY","0.5,0.666666666667",2
base,bwY,YB,0.6666666666666666,False,"By,BY","0.333333333333,0.5",2
base,bwY,YW,0.6666666666666666,True,"Wy,WY,wY","0.333333333333,0.5,0.666666666667",3
base,bwY,BW,0.5,True,"Bw,BW,bW","0.666666666667,0.5,0.333333333333",3
base,bY,YB,0.6666666666666666,False,"By,BY","0.333333333333,0.5",2
base,bcY,YC,0.6666666666666666,True,"Cy,CY,cY","0.333333333333,0.5,0.666666666667",3
base,bcY,YB,0.6666666666666666,True,"By,BY,bY","0.333333333333,0.5,0.666666666667",3
base,bcY,CB,0.5,True,"Bc,BC,bC","0.333333333333,0.5,0.666666666667",3
base,wcY,YC,0.6666666666666666,False,"Cy,CY","0.333333333333,0.5",2
base,wcY,YW,0.6666666666666666,True,"Wy,WY,wY","0.333333333333,0.5,0.666666666667",3
base,wcY,CW,0.5,True,"Wc,WC,wC","0.333333333333,0.5,0.666666666667",3
base,cY,YC,0.6666666666666666,False,"Cy,CY","0.333333333333,0.5",2
variant-01,Bc,CB,0.3333333333333333,False,"BC,bC","0.5,0.666666666667",2
variant-01,Bwc,CB,0.3333333333333333,False,"BC,bC","0.5,0.666666666667",2
variant-01,Bwc,CW,0.5,True,"Wc,WC,wC","0.333333333333,0.5,0.666666666667",3
variant-01,Bwc,BW,0.6666666666666666,True,"Bw,BW,bW","0.666666666667,0.5,0.333333333333",3
variant-01,bWc,CB,0.5,False,"Bc,bC","0.333333333333,0.666666666667",2
variant-01,bWc,CW,0.3333333333333333,True,"Wc,WC,wC","0.333333333333,0.5,0.666666666667",3
variant-01,bWc,BW,0.3333333333333333,True,"Bw,BW,bW","0.666666666667,0.5,0.333333333333",3
variant-01,BC,CB,0.5,False,"Bc,bC","0.333333333333,0.666666666667",2
variant-01,bwC,CB,0.6666666666666666,False,"Bc,BC","0.333333333333,0.5",2
variant-01,bwC,CW,0.6666666666666666,True,"Wc,WC,wC","0.333333333333,0.5,0.666666666667",3
variant-01,bwC,BW,0.5,True,"Bw,BW,bW","0.666666666667,0.5,0.333333333333",3
variant-01,bC,CB,0.6666666666666666,False,"Bc,BC","0.333333333333,0.5",2
variant-01,By,YB,0.3333333333333333,False,"BY,bY","0.5,0.666666666667",2
variant-01,Bwy,YB,0.3333333333333333,False,"BY,bY","0.5,0.666666666667",2
variant-01,Bwy,YW,0.5,True,"Wy,WY,wY","0.333333333333,0.5,0.666666666667",3
variant-01,Bwy,BW,0.6666666666666666,True,"Bw,BW,bW","0.666666666667,0.5,0.333333333333",3
variant-01,bWy,YB,0.5,False,"By,bY","0.333333333333,0.666666666667",2
variant-01,bWy,YW,0.3333333333333333,True,"Wy,WY,wY","0.333333333333,0.5,0.666666666667",3
variant-01,bWy,BW,0.3333333333333333,True,"Bw,BW,bW","0.666666666667,0.5,0.333333333333",3
variant-01,BY,YB,0.5,False,"By,bY","0.333333333333,0.666666666667",2
variant-01,Bcy,YC,0.5,True,"Cy,CY,cY","0.333333333333,0.5,0.666666666667",3
variant-01,Bcy,YB,0.3333333333333333,True,"By,BY,bY","0.333333333333,0.5,0.666666666667",3
variant-01,Bcy,CB,0.3333333333333333,True,"Bc,BC,bC","0.333333333333,0.5,0.666666666667",3
variant-01,Wcy,YC,0.5,False,"Cy,cY","0.333333333333,0.666666666667",2
variant-01,Wcy,YW,0.3333333333333333,True,"Wy,WY,wY","0.333333333333,0.5,0.666666666667",3
variant-01,Wcy,CW,0.3333333333333333,True,"Wc,WC,wC","0.333333333333,0.5,0.666666666667",3
variant-01,CY,YC,0.5,False,"Cy,cY","0.333333333333,0.666666666667",2
variant-01,bCy,YC,0.3333333333333333,True,"Cy,CY,cY","0.333333333333,0.5,0.666666666667",3
variant-01,bCy,YB,0.5,True,"By,BY,bY","0.333333333333,0.5,0.666666666667",3
variant-01,bCy,CB,0.6666666666666666,True,"Bc,BC,bC","0.333333333333,0.5,0.666666666667",3
variant-01,wCy,YC,0.3333333333333333,False,"CY,cY","0.5,0.666666666667",2
variant-01,wCy,YW,0.5,True,"Wy,WY,wY","0.333333333333,0.5,0.666666666667",3
variant-01,wCy,CW,0.6666666666666666,True,"Wc,WC,wC","0.333333333333,0.5,0.666666666667",3
variant-01,Cy,YC,0.3333333333333333,False,"CY,cY","0.5,0.666666666667",2
variant-01,bwY,YB,0.6666666666666666,False,"By,BY","0.333333333333,0.5",2
variant-01,bwY,YW,0.6666666666666666,True,"Wy,WY,wY","0.333333333333,0.5,0.666666666667",3
variant-01,bwY,BW,0.5,True,"Bw,BW,bW","0.666666666667,0.5,0.333333333333",3
variant-01,bY,YB,0.6666666666666666,False,"By,BY","0.333333333333,0.5",2
variant-01,bcY,YC,0.6666666666666666,True,"Cy,CY,cY","0.333333333333,0.5,0.666666666667",3
variant-01,bcY,YB,0.6666666666666666,True,"By,BY,bY","0.333333333333,0.5,0.666666666667",3
variant-01,bcY,CB,0.5,True,"Bc,BC,bC","0.333333333333,0.5,0.666666666667",3
variant-01,wcY,YC,0.6666666666666666,False,"Cy,CY","0.333333333333,0.5",2
variant-01,wcY,YW,0.6666666666666666,True,"Wy,WY,wY","0.333333333333,0.5,0.666666666667",3
variant-01,wcY,CW,0.5,True,"Wc,WC,wC","0.333333333333,0.5,0.666666666667",3
variant-01,cY,YC,0.6666666666666666,False,"Cy,CY","0.333333333333,0.5",2
variant-02,Bc,CB,0.3333333333333333,False,"BC,bC","0.5,0.666666666667",2
variant-02,Bwc,CB,0.3333333333333333,False,"BC,bC","0.5,0.666666666667",2
variant-02,Bwc,CW,0.5,True,"Wc,WC,wC","0.333333333333,0.5,0.666666666667",3
variant-02,Bwc,BW,0.6666666666666666,True,"Bw,BW,bW","0.666666666667,0.5,0.333333333333",3
variant-02,bWc,CB,0.5,False,"Bc,bC","0.333333333333,0.666666666667",2
variant-02,bWc,CW,0.3333333333333333,True,"Wc,WC,wC","0.333333333333,0.5,0.666666666667",3
variant-02,bWc,BW,0.3333333333333333,True,"Bw,BW,bW","0.666666666667,0.5,0.333333333333",3
variant-02,BC,CB,0.5,False,"Bc,bC","0.333333333333,0.666666666667",2
variant-02,bwC,CB,0.6666666666666666,False,"Bc,BC","0.333333333333,0.5",2
variant-02,bwC,CW,0.6666666666666666,True,"Wc,WC,wC","0.333333333333,0.5,0.666666666667",3
variant-02,bwC,BW,0.5,True,"Bw,BW,bW","0.666666666667,0.5,0.333333333333",3
variant-02,bC,CB,0.6666666666666666,False,"Bc,BC","0.333333333333,0.5",2
variant-02,By,YB,0.3333333333333333,False,"BY,bY","0.5,0.666666666667",2
variant-02,Bwy,YB,0.3333333333333333,False,"BY,bY","0.5,0.666666666667",2
variant-02,Bwy,YW,0.5,True,"Wy,WY,wY","0.333333333333,0.5,0.666666666667",3
variant-02,Bwy,BW,0.6666666666666666,True,"Bw,BW,bW","0.666666666667,0.5,0.333333333333",3
variant-02,bWy,YB,0.5,False,"By,bY","0.333333333333,0.666666666667",2
variant-02,bWy,YW,0.3333333333333333,True,"Wy,WY,wY","0.333333333333,0.5,0.666666666667",3
variant-02,bWy,BW,0.3333333333333333,True,"Bw,BW,bW","0.666666666667,0.5,0.333333333333",3
variant-02,BY,YB,0.5,False,"By,bY","0.333333333333,0.666666666667",2
variant-02,Bcy,YC,0.5,True,"Cy,CY,cY","0.333333333333,0.5,0.666666666667",3
variant-02,Bcy,YB,0.3333333333333333,True,"By,BY,bY","0.333333333333,0.5,0.666666666667",3
variant-02,Bcy,CB,0.3333333333333333,True,"Bc,BC,bC","0.333333333333,0.5,0.666666666667",3
variant-02,Wcy,YC,0.5,False,"Cy,cY","0.333333333333,0.666666666667",2
variant-02,Wcy,YW,0.3333333333333333,True,"Wy,WY,wY","0.333333333333,0.5,0.666666666667",3
variant-02,Wcy,CW,0.3333333333333333,True,"Wc,WC,wC","0.333333333333,0.5,0.666666666667",3
variant-02,CY,YC,0.5,False,"Cy,cY","0.333333333333,0.666666666667",2
variant-02,bCy,YC,0.3333333333333333,True,"Cy,CY,cY","0.333333333333,0.5,0.666666666667",3
variant-02,bCy,YB,0.5,True,"By,BY,bY","0.333333333333,0.5,0.666666666667",3
variant-02,bCy,CB,0.6666666666666666,True,"Bc,BC,bC","0.333333333333,0.5,0.666666666667",3
variant-02,wCy,YC,0.3333333333333333,False,"CY,cY","0.5,0.666666666667",2
variant-02,wCy,YW,0.5,True,"Wy,WY,wY","0.333333333333,0.5,0.666666666667",3
variant-02,wCy,CW,0.6666666666666666,True,"Wc,WC,wC","0.333333333333,0.5,0.666666666667",3
variant-02,Cy,YC,0.3333333333333333,False,"CY,cY","0.5,0.666666666667",2
variant-02,bwY,YB,0.6666666666666666,False,"By,BY","0.333333333333,0.5",2
variant-02,bwY,YW,0.6666666666666666,True,"Wy,WY,wY","0.333333333333,0.5,0.666666666667",3
variant-02,bwY,BW,0.5,True,"Bw,BW,bW","0.666666666667,0.5,0.333333333333",3
variant-02,bY,YB,0.6666666666666666,False,"By,BY","0.333333333333,0.5",2
variant-02,bcY,YC,0.6666666666666666,True,"Cy,CY,cY","0.333333333333,0.5,0.666666666667",3
variant-02,bcY,YB,0.6666666666666666,True,"By,BY,bY","0.333333333333,0.5,0.666666666667",3
variant-02,bcY,CB,0.5,True,"Bc,BC,bC","0.333333333333,0.5,0.666666666667",3
variant-02,wcY,YC,0.6666666666666666,False,"Cy,CY","0.333333333333,0.5",2
variant-02,wcY,YW,0.6666666666666666,True,"Wy,WY,wY","0.333333333333,0.5,0.666666666667",3
variant-02,wcY,CW,0.5,True,"Wc,WC,wC","0.333333333333,0.5,0.666666666667",3
variant-02,cY,YC,0.6666666666666666,False,"Cy,CY","0.333333333333,0.5",2
variant-03,Bc,CB,0.3333333333333333,False,"BC,bC","0.5,0.666666666667",2
variant-03,Bwc,CB,0.3333333333333333,False,"BC,bC","0.5,0.666666666667",2
variant-03,Bwc,CW,0.5,True,"Wc,WC,wC","0.333333333333,0.5,0.666666666667",3
variant-03,Bwc,BW,0.6666666666666666,True,"Bw,BW,bW","0.666666666667,0.5,0.333333333333",3
variant-03,bWc,CB,0.5,False,"Bc,bC","0.333333333333,0.666666666667",2
variant-03,bWc,CW,0.3333333333333333,True,"Wc,WC,wC","0.333333333333,0.5,0.666666666667",3
variant-03,bWc,BW,0.3333333333333333,True,"Bw,BW,bW","0.666666666667,0.5,0.333333333333",3
variant-03,BC,CB,0.5,False,"Bc,bC","0.333333333333,0.666666666667",2
variant-03,bwC,CB,0.6666666666666666,False,"Bc,BC","0.333333333333,0.5",2
variant-03,bwC,CW,0.6666666666666666,True,"Wc,WC,wC","0.333333333333,0.5,0.666666666667",3
variant-03,bwC,BW,0.5,True,"Bw,BW,bW","0.666666666667,0.5,0.333333333333",3
variant-03,bC,CB,0.6666666666666666,False,"Bc,BC","0.333333333333,0.5",2
variant-03,By,YB,0.3333333333333333,False,"BY,bY","0.5,0.666666666667",2
variant-03,Bwy,YB,0.3333333333333333,False,"BY,bY","0.5,0.666666666667",2
variant-03,Bwy,YW,0.5,True,"Wy,WY,wY","0.333333333333,0.5,0.666666666667",3
variant-03,Bwy,BW,0.6666666666666666,True,"Bw,BW,bW","0.666666666667,0.5,0.333333333333",3
variant-03,bWy,YB,0.5,False,"By,bY","0.333333333333,0.666666666667",2
variant-03,bWy,YW,0.3333333333333333,True,"Wy,WY,wY","0.333333333333,0.5,0.666666666667",3
variant-03,bWy,BW,0.3333333333333333,True,"Bw,BW,bW","0.666666666667,0.5,0.333333333333",3
variant-03,BY,YB,0.5,False,"By,bY","0.333333333333,0.666666666667",2
variant-03,Bcy,YC,0.5,True,"Cy,CY,cY","0.333333333333,0.5,0.666666666667",3
variant-03,Bcy,YB,0.3333333333333333,True,"By,BY,bY","0.333333333333,0.5,0.666666666667",3
variant-03,Bcy,CB,0.3333333333333333,True,"Bc,BC,bC","0.333333333333,0.5,0.666666666667",3
variant-03,Wcy,YC,0.5,False,"Cy,cY","0.333333333333,0.666666666667",2
variant-03,Wcy,YW,0.3333333333333333,True,"Wy,WY,wY","0.333333333333,0.5,0.666666666667",3
variant-03,Wcy,CW,0.3333333333333333,True,"Wc,WC,wC","0.333333333333,0.5,0.666666666667",3
variant-03,CY,YC,0.5,False,"Cy,cY","0.333333333333,0.666666666667",2
variant-03,bCy,YC,0.3333333333333333,True,"Cy,CY,cY","0.333333333333,0.5,0.666666666667",3
variant-03,bCy,YB,0.5,True,"By,BY,bY","0.333333333333,0.5,0.666666666667",3
variant-03,bCy,CB,0.6666666666666666,True,"Bc,BC,bC","0.333333333333,0.5,0.666666666667",3
variant-03,wCy,YC,0.3333333333333333,False,"CY,cY","0.5,0.666666666667",2
variant-03,wCy,YW,0.5,True,"Wy,WY,wY","0.333333333333,0.5,0.666666666667",3
variant-03,wCy,CW,0.6666666666666666,True,"Wc,WC,wC","0.333333333333,0.5,0.666666666667",3
variant-03,Cy,YC,0.3333333333333333,False,"CY,cY","0.5,0.666666666667",2
variant-03,bwY,YB,0.6666666666666666,False,"By,BY","0.333333333333,0.5",2
variant-03,bwY,YW,0.6666666666666666,True,"Wy,WY,wY","0.333333333333,0.5,0.666666666667",3
variant-03,bwY,BW,0.5,True,"Bw,BW,bW","0.666666666667,0.5,0.333333333333",3
variant-03,bY,YB,0.6666666666666666,False,"By,BY","0.333333333333,0.5",2
variant-03,bcY,YC,0.6666666666666666,True,"Cy,CY,cY","0.333333333333,0.5,0.666666666667",3
variant-03,bcY,YB,0.6666666666666666,True,"By,BY,bY","0.333333333333,0.5,0.666666666667",3
variant-03,bcY,CB,0.5,True,"Bc,BC,bC","0.333333333333,0.5,0.666666666667",3
variant-03,wcY,YC,0.6666666666666666,False,"Cy,CY","0.333333333333,0.5",2
variant-03,wcY,YW,0.6666666666666666,True,"Wy,WY,wY","0.333333333333,0.5,0.666666666667",3
variant-03,wcY,CW,0.5,True,"Wc,WC,wC","0.333333333333,0.5,0.666666666667",3
variant-03,cY,YC,0.6666666666666666,False,"Cy,CY","0.333333333333,0.5",2
variant-04,Bc,CB,0.3333333333333333,False,"BC,bC","0.5,0.666666666667",2
variant-04,Bwc,CB,0.3333333333333333,False,"BC,bC","0.5,0.666666666667",2
variant-04,Bwc,CW,0.5,True,"Wc,WC,wC","0.333333333333,0.5,0.666666666667",3
variant-04,Bwc,BW,0.6666666666666666,True,"Bw,BW,bW","0.666666666667,0.5,0.333333333333",3
variant-04,bWc,CB,0.5,False,"Bc,bC","0.333333333333,0.666666666667",2
variant-04,bWc,CW,0.3333333333333333,True,"Wc,WC,wC","0.333333333333,0.5,0.666666666667",3
variant-04,bWc,BW,0.3333333333333333,True,"Bw,BW,bW","0.666666666667,0.5,0.333333333333",3
variant-04,BC,CB,0.5,False,"Bc,bC","0.333333333333,0.666666666667",2
variant-04,bwC,CB,0.6666666666666666,False,"Bc,BC","0.333333333333,0.5",2
variant-04,bwC,CW,0.6666666666666666,True,"Wc,WC,wC","0.333333333333,0.5,0.666666666667",3
variant-04,bwC,BW,0.5,True,"Bw,BW,bW","0.666666666667,0.5,0.333333333333",3
variant-04,bC,CB,0.6666666666666666,False,"Bc,BC","0.333333333333,0.5",2
variant-04,By,YB,0.3333333333333333,False,"BY,bY","0.5,0.666666666667",2
variant-04,Bwy,YB,0.3333333333333333,False,"BY,bY","0.5,0.666666666667",2
variant-04,Bwy,YW,0.5,True,"Wy,WY,wY","0.333333333333,0.5,0.666666666667",3
variant-04,Bwy,BW,0.6666666666666666,True,"Bw,BW,bW","0.666666666667,0.5,0.333333333333",3
variant-04,bWy,YB,0.5,False,"By,bY","0.333333333333,0.666666666667",2
variant-04,bWy,YW,0.3333333333333333,True,"Wy,WY,wY","0.333333333333,0.5,0.666666666667",3
variant-04,bWy,BW,0.3333333333333333,True,"Bw,BW,bW","0.666666666667,0.5,0.333333333333",3
variant-04,BY,YB,0.5,False,"By,bY","0.333333333333,0.666666666667",2
variant-04,Bcy,YC,0.5,True,"Cy,CY,cY","0.333333333333,0.5,0.666666666667",3
variant-04,Bcy,YB,0.3333333333333333,True,"By,BY,bY","0.333333333333,0.5,0.666666666667",3
variant-04,Bcy,CB,0.3333333333333333,True,"Bc,BC,bC","0.333333333333,0.5,0.666666666667",3
variant-04,Wcy,YC,0.5,False,"Cy,cY","0.333333333333,0.666666666667",2
variant-04,Wcy,YW,0.3333333333333333,True,"Wy,WY,wY","0.333333333333,0.5,0.666666666667",3
variant-04,Wcy,CW,0.3333333333333333,True,"Wc,WC,wC","0.333333333333,0.5,0.666666666667",3
variant-04,CY,YC,0.5,False,"Cy,cY","0.333333333333,0.666666666667",2
variant-04,bCy,YC,0.3333333333333333,True,"Cy,CY,cY","0.333333333333,0.5,0.666666666667",3
variant-04,bCy,YB,0.5,True,"By,BY,bY","0.333333333333,0.5,0.666666666667",3
variant-04,bCy,CB,0.6666666666666666,True,"Bc,BC,bC","0.333333333333,0.5,0.666666666667",3
variant-04,wCy,YC,0.3333333333333333,False,"CY,cY","0.5,0.666666666667",2
variant-04,wCy,YW,0.5,True,"Wy,WY,wY","0.333333333333,0.5,0.666666666667",3
variant-04,wCy,CW,0.6666666666666666,True,"Wc,WC,wC","0.333333333333,0.5,0.666666666667",3
variant-04,Cy,YC,0.3333333333333333,False,"CY,cY","0.5,0.666666666667",2
variant-04,bwY,YB,0.6666666666666666,False,"By,BY","0.333333333333,0.5",2
variant-04,bwY,YW,0.6666666666666666,True,"Wy,WY,wY","0.333333333333,0.5,0.666666666667",3
variant-04,bwY,BW,0.5,True,"Bw,BW,bW","0.666666666667,0.5,0.333333333333",3
variant-04,bY,YB,0.6666666666666666,False,"By,BY","0.333333333333,0.5",2
variant-04,bcY,YC,0.6666666666666666,True,"Cy,CY,cY","0.333333333333,0.5,0.666666666667",3
variant-04,bcY,YB,0.6666666666666666,True,"By,BY,bY","0.333333333333,0.5,0.666666666667",3
variant-04,bcY,CB,0.5,True,"Bc,BC,bC","0.333333333333,0.5,0.666666666667",3
variant-04,wcY,YC,0.6666666666666666,False,"Cy,CY","0.333333333333,0.5",2
variant-04,wcY,YW,0.6666666666666666,True,"Wy,WY,wY","0.333333333333,0.5,0.666666666667",3
variant-04,wcY,CW,0.5,True,"Wc,WC,wC","0.333333333333,0.5,0.666666666667",3
variant-04,cY,YC,0.6666666666666666,False,"Cy,CY","0.333333333333,0.5",2
variant-05,Bc,CB,0.3333333333333333,False,"BC,bC","0.5,0.666666666667",2
variant-05,Bwc,CB,0.3333333333333333,False,"BC,bC","0.5,0.666666666667",2
variant-05,Bwc,CW,0.5,True,"Wc,WC,wC","0.333333333333,0.5,0.666666666667",3
variant-05,Bwc,BW,0.6666666666666666,True,"Bw,BW,bW","0.666666666667,0.5,0.333333333333",3
variant-05,bWc,CB,0.5,False,"Bc,bC","0.333333333333,0.666666666667",2
variant-05,bWc,CW,0.3333333333333333,True,"Wc,WC,wC","0.333333333333,0.5,0.666666666667",3
variant-05,bWc,BW,0.3333333333333333,True,"Bw,BW,bW","0.666666666667,0.5,0.333333333333",3
variant-05,BC,CB,0.5,False,"Bc,bC","0.333333333333,0.666666666667",2
variant-05,bwC,CB,0.6666666666666666,False,"Bc,BC","0.333333333333,0.5",2
variant-05,bwC,CW,0.6666666666666666,True,"Wc,WC,wC","0.333333333333,0.5,0.666666666667",3
variant-05,bwC,BW,0.5,True,"Bw,BW,bW","0.666666666667,0.5,0.333333333333",3
variant-05,bC,CB,0.6666666666666666,False,"Bc,BC","0.333333333333,0.5",2
variant-05,By,YB,0.3333333333333333,False,"BY,bY","0.5,0.666666666667",2
variant-05,Bwy,YB,0.3333333333333333,False,"BY,bY","0.5,0.666666666667",2
variant-05,Bwy,YW,0.5,True,"Wy,WY,wY","0.333333333333,0.5,0.666666666667",3
variant-05,Bwy,BW,0.6666666666666666,True,"Bw,BW,bW","0.666666666667,0.5,0.333333333333",3
variant-05,bWy,YB,0.5,False,"By,bY","0.333333333333,0.666666666667",2
variant-05,bWy,YW,0.3333333333333333,True,"Wy,WY,wY","0.333333333333,0.5,0.666666666667",3
variant-05,bWy,BW,0.3333333333333333,True,"Bw,BW,bW","0.666666666667,0.5,0.333333333333",3
variant-05,BY,YB,0.5,False,"By,bY","0.333333333333,0.666666666667",2
variant-05,Bcy,YC,0.5,True,"Cy,CY,cY","0.333333333333,0.5,0.666666666667",3
variant-05,Bcy,YB,0.3333333333333333,True,"By,BY,bY","0.333333333333,0.5,0.666666666667",3
variant-05,Bcy,CB,0.3333333333333333,True,"Bc,BC,bC","0.333333333333,0.5,0.666666666667",3
variant-05,Wcy,YC,0.5,False,"Cy,cY","0.333333333333,0.666666666667",2
variant-05,Wcy,YW,0.3333333333333333,True,"Wy,WY,wY","0.333333333333,0.5,0.666666666667",3
variant-05,Wcy,CW,0.3333333333333333,True,"Wc,WC,wC","0.333333333333,0.5,0.666666666667",3
variant-05,CY,YC,0.5,False,"Cy,cY","0.333333333333,0.666666666667",2
variant-05,bCy,YC,0.3333333333333333,True,"Cy,CY,cY","0.333333333333,0.5,0.666666666667",3
variant-05,bCy,YB,0.5,True,"By,BY,bY","0.333333333333,0.5,0.666666666667",3
variant-05,bCy,CB,0.6666666666666666,True,"Bc,BC,bC","0.333333333333,0.5,0.666666666667",3
variant-05,wCy,YC,0.3333333333333333,False,"CY,cY","0.5,0.666666666667",2
variant-05,wCy,YW,0.5,True,"Wy,WY,wY","0.333333333333,0.5,0.666666666667",3
variant-05,wCy,CW,0.6666666666666666,True,"Wc,WC,wC","0.333333333333,0.5,0.666666666667",3
variant-05,Cy,YC,0.3333333333333333,False,"CY,cY","0.5,0.666666666667",2
variant-05,bwY,YB,0.6666666666666666,False,"By,BY","0.333333333333,0.5",2
variant-05,bwY,YW,0.6666666666666666,True,"Wy,WY,wY","0.333333333333,0.5,0.666666666667",3
variant-05,bwY,BW,0.5,True,"Bw,BW,bW","0.666666666667,0.5,0.333333333333",3
variant-05,bY,YB,0.6666666666666666,False,"By,BY","0.333333333333,0.5",2
variant-05,bcY,YC,0.6666666666666666,True,"Cy,CY,cY","0.333333333333,0.5,0.666666666667",3
variant-05,bcY,YB,0.6666666666666666,True,"By,BY,bY","0.333333333333,0.5,0.666666666667",3
variant-05,bcY,CB,0.5,True,"Bc,BC,bC","0.333333333333,0.5,0.666666666667",3
variant-05,wcY,YC,0.6666666666666666,False,"Cy,CY","0.333333333333,0.5",2
variant-05,wcY,YW,0.6666666666666666,True,"Wy,WY,wY","0.333333333333,0.5,0.666666666667",3
variant-05,wcY,CW,0.5,True,"Wc,WC,wC","0.333333333333,0.5,0.666666666667",3
variant-05,cY,YC,0.6666666666666666,False,"Cy,CY","0.333333333333,0.5",2
variant-06,Bc,CB,0.3333333333333333,False,"BC,bC","0.5,0.666666666667",2
variant-06,Bwc,CB,0.3333333333333333,False,"BC,bC","0.5,0.666666666667",2
variant-06,Bwc,CW,0.5,True,"Wc,WC,wC","0.333333333333,0.5,0.666666666667",3
variant-06,Bwc,BW,0.6666666666666666,True,"Bw,BW,bW","0.666666666667,0.5,0.333333333333",3
variant-06,bWc,CB,0.5,False,"Bc,bC","0.333333333333,0.666666666667",2
variant-06,bWc,CW,0.3333333333333333,True,"Wc,WC,wC","0.333333333333,0.5,0.666666666667",3
variant-06,bWc,BW,0.3333333333333333,True,"Bw,BW,bW","0.666666666667,0.5,0.333333333333",3
variant-06,BC,CB,0.5,False,"Bc,bC","0.333333333333,0.666666666667",2
variant-06,bwC,CB,0.6666666666666666,False,"Bc,BC","0.333333333333,0.5",2
variant-06,bwC,CW,0.6666666666666666,True,"Wc,WC,wC","0.333333333333,0.5,0.666666666667",3
variant-06,bwC,BW,0.5,True,"Bw,BW,bW","0.666666666667,0.5,0.333333333333",3
variant-06,bC,CB,0.6666666666666666,False,"Bc,BC","0.333333333333,0.5",2
variant-06,By,YB,0.3333333333333333,False,"BY,bY","0.5,0.666666666667",2
variant-06,Bwy,YB,0.3333333333333333,False,"BY,bY","0.5,0.666666666667",2
variant-06,Bwy,YW,0.5,True,"Wy,WY,wY","0.333333333333,0.5,0.666666666667",3
variant-06,Bwy,BW,0.6666666666666666,True,"Bw,BW,bW","0.666666666667,0.5,0.333333333333",3
variant-06,bWy,YB,0.5,False,"By,bY","0.333333333333,0.666666666667",2
variant-06,bWy,YW,0.3333333333333333,True,"Wy,WY,wY","0.333333333333,0.5,0.666666666667",3
variant-06,bWy,BW,0.3333333333333333,True,"Bw,BW,bW","0.666666666667,0.5,0.333333333333",3
variant-06,BY,YB,0.5,False,"By,bY","0.333333333333,0.666666666667",2
variant-06,Bcy,YC,0.5,True,"Cy,CY,cY","0.333333333333,0.5,0.666666666667",3
variant-06,Bcy,YB,0.3333333333333333,True,"By,BY,bY","0.333333333333,0.5,0.666666666667",3
variant-06,Bcy,CB,0.3333333333333333,True,"Bc,BC,bC","0.333333333333,0.5,0.666666666667",3
variant-06,Wcy,YC,0.5,False,"Cy,cY","0.333333333333,0.666666666667",2
variant-06,Wcy,YW,0.3333333333333333,True,"Wy,WY,wY","0.333333333333,0.5,0.666666666667",3
variant-06,Wcy,CW,0.3333333333333333,True,"Wc,WC,wC","0.333333333333,0.5,0.666666666667",3
variant-06,CY,YC,0.5,False,"Cy,cY","0.333333333333,0.666666666667",2
variant-06,bCy,YC,0.3333333333333333,True,"Cy,CY,cY","0.333333333333,0.5,0.666666666667",3
variant-06,bCy,YB,0.5,True,"By,BY,bY","0.333333333333,0.5,0.666666666667",3
variant-06,bCy,CB,0.6666666666666666,True,"Bc,BC,bC","0.333333333333,0.5,0.666666666667",3
variant-06,wCy,YC,0.3333333333333333,False,"CY,cY","0.5,0.666666666667",2
variant-06,wCy,YW,0.5,True,"Wy,WY,wY","0.333333333333,0.5,0.666666666667",3
variant-06,wCy,CW,0.6666666666666666,True,"Wc,WC,wC","0.333333333333,0.5,0.666666666667",3
variant-06,Cy,YC,0.3333333333333333,False,"CY,cY","0.5,0.666666666667",2
variant-06,bwY,YB,0.6666666666666666,False,"By,BY","0.333333333333,0.5",2
variant-06,bwY,YW,0.6666666666666666,True,"Wy,WY,wY","0.333333333333,0.5,0.666666666667",3
variant-06,bwY,BW,0.5,True,"Bw,BW,bW","0.666666666667,0.5,0.333333333333",3
variant-06,bY,YB,0.6666666666666666,False,"By,BY","0.333333333333,0.5",2
variant-06,bcY,YC,0.6666666666666666,True,"Cy,CY,cY","0.333333333333,0.5,0.666666666667",3
variant-06,bcY,YB,0.6666666666666666,True,"By,BY,bY","0.333333333333,0.5,0.666666666667",3
variant-06,bcY,CB,0.5,True,"Bc,BC,bC","0.333333333333,0.5,0.666666666667",3
variant-06,wcY,YC,0.6666666666666666,False,"Cy,CY","0.333333333333,0.5",2
variant-06,wcY,YW,0.6666666666666666,True,"Wy,WY,wY","0.333333333333,0.5,0.666666666667",3
variant-06,wcY,CW,0.5,True,"Wc,WC,wC","0.333333333333,0.5,0.666666666667",3
variant-06,cY,YC,0.6666666666666666,False,"Cy,CY","0.333333333333,0.5",2
