variant,sample,kind,lo_nm,hi_nm,contribution_to_total_MSE_change,mean_needed_displacement,mean_actual_displacement
base,Bc,pair,440,500,-0.0001519531539563403,0.029842922752319975,0.014772160229384212
base,Bc,pair,510,590,-8.409810526955476e-05,0.017150099727322853,0.013621084072042681
base,Bc,pair,600,740,8.938176553032727e-05,0.0020570812338862785,-0.007419727847868312
base,Bwc,white_ternary,440,500,-0.0001973177318608269,0.045544108023540704,0.010370513974314892
base,Bwc,white_ternary,510,590,-0.0002833140794845826,0.04021352636903304,0.015233228687526254
base,Bwc,white_ternary,600,740,9.465953690462393e-05,0.016944378493217234,0.0010893276654498944
base,bWc,white_ternary,440,500,-4.900194512836559e-05,0.01383938377183517,0.00887176179039453
base,bWc,white_ternary,510,590,-0.00021578502776614593,0.03481983917454227,0.013355683235426487
base,bWc,white_ternary,600,740,0.0002713505414397489,0.011476647217297077,-0.005605348439585598
base,BC,pair,440,500,0.00010514512859696501,0.0059623411190257766,0.028294132184648733
base,BC,pair,510,590,-6.354508958744302e-05,0.016959708736072394,0.019954221263782254
base,BC,pair,600,740,-0.0005238259337983273,-0.03040557036581706,-0.014059918012060009
base,bwC,white_ternary,440,500,-2.404824413658314e-05,0.010688527712776785,0.0086497352333874
base,bwC,white_ternary,510,590,-5.267072090833201e-05,0.013903689900882163,0.011231720732628203
base,bwC,white_ternary,600,740,-0.0007393060412650336,-0.03750961426822004,-0.022902783897200095
base,bC,pair,440,500,-9.216572058782236e-05,0.02134340082564793,0.014475647319033755
base,bC,pair,510,590,-0.00017243516129816523,0.03462519976995573,0.010781202784895335
base,bC,pair,600,740,-0.0006579962039290591,-0.02294460898827895,-0.023547197283434945
base,By,pair,440,500,-0.00011394159228664437,-0.022347941782239904,-0.0191413831856234
base,By,pair,510,590,-4.579622704445586e-06,-0.014183706030316719,-0.0013616148678391395
base,By,pair,600,740,0.00010839456291008398,0.003774597854698479,0.021184211466637362
base,Bwy,white_ternary,440,500,-3.5532997314730708e-06,-0.004194241641764302,-0.012126744597492098
base,Bwy,white_ternary,510,590,-1.0741041331484595e-05,0.012949603950864218,0.003790563282641216
base,Bwy,white_ternary,600,740,-0.0005818133132991868,0.035545602097101794,0.02015494395960304
base,bWy,white_ternary,440,500,-5.0150564636591625e-05,-0.0160299768733023,-0.00927788438565957
base,bWy,white_ternary,510,590,-3.9067243559590414e-05,0.027306592225079127,0.0021624033288395236
base,bWy,white_ternary,600,740,-0.0003013661594724687,0.039102737675060624,0.01431813508490043
base,BY,pair,440,500,-1.3036965917606685e-06,-0.0148091212359404,-0.02921082778602555
base,BY,pair,510,590,2.4565897200586797e-05,0.0044327650646542125,-0.007274103670955476
base,BY,pair,600,740,-0.0003644031342958649,0.029989733227005776,0.02541031613554239
base,Bcy,chromatic_ternary,440,500,4.318137937946244e-06,-0.0047331199169830755,0.0028426525911097447
base,Bcy,chromatic_ternary,510,590,2.6221821591228988e-05,-0.00045077980452279246,0.008005699660809365
base,Bcy,chromatic_ternary,600,740,0.00014639160540092096,-0.032761190705423285,0.005604646205639244
base,Wcy,white_ternary,440,500,-3.835081828365703e-06,-0.025577395609758517,-0.00021698068550542578
base,Wcy,white_ternary,510,590,1.8332743956375352e-05,-0.0055079263533490035,0.0014588767551014807
base,Wcy,white_ternary,600,740,-0.005037402585494738,-0.09888576051934321,-0.04979926949768982
base,CY,pair,440,500,9.957948920266083e-05,-0.025233305939754265,0.00757583398857127
base,CY,pair,510,590,0.00015391846519336233,-0.025009105094688833,0.008870659079568232
base,CY,pair,600,740,0.0005557868693326785,-0.023812630131936467,-0.05563933983490917
base,bCy,chromatic_ternary,440,500,-1.761592614484243e-06,0.0036517596969817176,0.005451172186769141
base,bCy,chromatic_ternary,510,590,2.994995366501743e-05,-0.0013308586548429772,0.0090679397032161
base,bCy,chromatic_ternary,600,740,0.0005466142146875528,-0.0016895875892419569,-0.011500917790121516
base,wCy,white_ternary,440,500,1.8019058575455025e-05,0.00931820173546206,-0.004099267798512523
base,wCy,white_ternary,510,590,-1.707877655273708e-05,0.016395804629018955,0.001890358173915938
base,wCy,white_ternary,600,740,-0.001668470212408168,-0.040903509148117176,-0.04513512451294532
base,Cy,pair,440,500,5.262432535647849e-05,0.01635048725649258,-0.006144622301249128
base,Cy,pair,510,590,2.7859554582753536e-06,0.00905418268957731,0.0013685541218212407
base,Cy,pair,600,740,-0.0016551519117546996,-0.06275832236987554,-0.02790081305078256
base,bwY,white_ternary,440,500,2.9103031859433968e-05,-0.0012697212204528677,-0.013302250390343122
base,bwY,white_ternary,510,590,-7.296497033673478e-05,-0.02513198271595305,-0.004904114860507745
base,bwY,white_ternary,600,740,-0.00023217116317121329,0.03383591057628253,0.018338156490235978
base,bY,pair,440,500,-0.00016279022477335464,-0.027896724241479664,-0.020753078379747398
base,bY,pair,510,590,-0.00013210512250571424,-0.03079756919620262,-0.008657599313120193
base,bY,pair,600,740,-0.0015482062074767522,0.056477186206569205,0.023643815908298695
base,bcY,chromatic_ternary,440,500,-1.1667423575237885e-05,-0.010453704219079263,-0.002939787635608808
base,bcY,chromatic_ternary,510,590,3.3665616115310866e-05,-0.010628721642288952,0.004847305212175961
base,bcY,chromatic_ternary,600,740,6.967330371322357e-05,-0.01698381658711525,0.002131244603128693
base,wcY,white_ternary,440,500,-3.233068957034592e-05,-0.03042221947527226,-0.0023160571012299297
base,wcY,white_ternary,510,590,-1.0128106674433196e-05,-0.014348118885152904,-0.0015178316844512822
base,wcY,white_ternary,600,740,-0.001435980319049422,-0.043700032031462416,-0.048413338491088746
base,cY,pair,440,500,1.6286121877628147e-05,0.00895733739963966,-0.0036442525427986517
base,cY,pair,510,590,1.6636010790514506e-05,0.0228970039877998,-0.0012569482597541595
base,cY,pair,600,740,-0.0019389441945099391,-0.034737952085973335,-0.040621215291759674
variant-01,Bc,pair,440,500,-0.0001519531539563403,0.029842922752319975,0.014772160229384212
variant-01,Bc,pair,510,590,-8.409810526955476e-05,0.017150099727322853,0.013621084072042681
variant-01,Bc,pair,600,740,8.938176553032727e-05,0.0020570812338862785,-0.007419727847868312
variant-01,Bwc,white_ternary,440,500,-0.0001973177318608269,0.045544108023540704,0.010370513974314892
variant-01,Bwc,white_ternary,510,590,-0.0002833140794845826,0.04021352636903304,0.015233228687526254
variant-01,Bwc,white_ternary,600,740,9.465953690462393e-05,0.016944378493217234,0.0010893276654498944
variant-01,bWc,white_ternary,440,500,-4.900194512836559e-05,0.01383938377183517,0.00887176179039453
variant-01,bWc,white_ternary,510,590,-0.00021578502776614593,0.03481983917454227,0.013355683235426487
variant-01,bWc,white_ternary,600,740,0.0002713505414397489,0.011476647217297077,-0.005605348439585598
variant-01,BC,pair,440,500,0.00010514512859696501,0.0059623411190257766,0.028294132184648733
variant-01,BC,pair,510,590,-6.354508958744302e-05,0.016959708736072394,0.019954221263782254
variant-01,BC,pair,600,740,-0.0005238259337983273,-0.03040557036581706,-0.014059918012060009
variant-01,bwC,white_ternary,440,500,-2.404824413658314e-05,0.010688527712776785,0.0086497352333874
variant-01,bwC,white_ternary,510,590,-5.267072090833201e-05,0.013903689900882163,0.011231720732628203
variant-01,bwC,white_ternary,600,740,-0.0007393060412650336,-0.03750961426822004,-0.022902783897200095
variant-01,bC,pair,440,500,-9.216572058782236e-05,0.02134340082564793,0.014475647319033755
variant-01,bC,pair,510,590,-0.00017243516129816523,0.03462519976995573,0.010781202784895335
variant-01,bC,pair,600,740,-0.0006579962039290591,-0.02294460898827895,-0.023547197283434945
variant-01,By,pair,440,500,-0.00011394159228664437,-0.022347941782239904,-0.0191413831856234
variant-01,By,pair,510,590,-4.579622704445586e-06,-0.014183706030316719,-0.0013616148678391395
variant-01,By,pair,600,740,0.00010839456291008398,0.003774597854698479,0.021184211466637362
variant-01,Bwy,white_ternary,440,500,-3.5532997314730708e-06,-0.004194241641764302,-0.012126744597492098
variant-01,Bwy,white_ternary,510,590,-1.0741041331484595e-05,0.012949603950864218,0.003790563282641216
variant-01,Bwy,white_ternary,600,740,-0.0005818133132991868,0.035545602097101794,0.02015494395960304
variant-01,bWy,white_ternary,440,500,-5.0150564636591625e-05,-0.0160299768733023,-0.00927788438565957
variant-01,bWy,white_ternary,510,590,-3.9067243559590414e-05,0.027306592225079127,0.0021624033288395236
variant-01,bWy,white_ternary,600,740,-0.0003013661594724687,0.039102737675060624,0.01431813508490043
variant-01,BY,pair,440,500,-1.3036965917606685e-06,-0.0148091212359404,-0.02921082778602555
variant-01,BY,pair,510,590,2.4565897200586797e-05,0.0044327650646542125,-0.007274103670955476
variant-01,BY,pair,600,740,-0.0003644031342958649,0.029989733227005776,0.02541031613554239
variant-01,Bcy,chromatic_ternary,440,500,4.318137937946244e-06,-0.0047331199169830755,0.0028426525911097447
variant-01,Bcy,chromatic_ternary,510,590,2.6221821591228988e-05,-0.00045077980452279246,0.008005699660809365
variant-01,Bcy,chromatic_ternary,600,740,0.00014639160540092096,-0.032761190705423285,0.005604646205639244
variant-01,Wcy,white_ternary,440,500,1.1164225299930296e-06,-0.03570641486636398,-0.00021698068550542578
variant-01,Wcy,white_ternary,510,590,3.871155417456936e-05,-0.027648483994414837,0.0014588767551014807
variant-01,Wcy,white_ternary,600,740,-0.0027820139263506714,-0.06704964181505899,-0.04979926949768982
variant-01,CY,pair,440,500,9.957948920266083e-05,-0.025233305939754265,0.00757583398857127
variant-01,CY,pair,510,590,0.00015391846519336233,-0.025009105094688833,0.008870659079568232
variant-01,CY,pair,600,740,0.0005557868693326785,-0.023812630131936467,-0.05563933983490917
variant-01,bCy,chromatic_ternary,440,500,-1.761592614484243e-06,0.0036517596969817176,0.005451172186769141
variant-01,bCy,chromatic_ternary,510,590,2.994995366501743e-05,-0.0013308586548429772,0.0090679397032161
variant-01,bCy,chromatic_ternary,600,740,0.0005466142146875528,-0.0016895875892419569,-0.011500917790121516
variant-01,wCy,white_ternary,440,500,1.8019058575455025e-05,0.00931820173546206,-0.004099267798512523
variant-01,wCy,white_ternary,510,590,-1.707877655273708e-05,0.016395804629018955,0.001890358173915938
variant-01,wCy,white_ternary,600,740,-0.001668470212408168,-0.040903509148117176,-0.04513512451294532
variant-01,Cy,pair,440,500,5.262432535647849e-05,0.01635048725649258,-0.006144622301249128
variant-01,Cy,pair,510,590,2.7859554582753536e-06,0.00905418268957731,0.0013685541218212407
variant-01,Cy,pair,600,740,-0.0016551519117546996,-0.06275832236987554,-0.02790081305078256
variant-01,bwY,white_ternary,440,500,2.9103031859433968e-05,-0.0012697212204528677,-0.013302250390343122
variant-01,bwY,white_ternary,510,590,-7.296497033673478e-05,-0.02513198271595305,-0.004904114860507745
variant-01,bwY,white_ternary,600,740,-0.00023217116317121329,0.03383591057628253,0.018338156490235978
variant-01,bY,pair,440,500,-0.00016279022477335464,-0.027896724241479664,-0.020753078379747398
variant-01,bY,pair,510,590,-0.00013210512250571424,-0.03079756919620262,-0.008657599313120193
variant-01,bY,pair,600,740,-0.0015482062074767522,0.056477186206569205,0.023643815908298695
variant-01,bcY,chromatic_ternary,440,500,-1.1667423575237885e-05,-0.010453704219079263,-0.002939787635608808
variant-01,bcY,chromatic_ternary,510,590,3.3665616115310866e-05,-0.010628721642288952,0.004847305212175961
variant-01,bcY,chromatic_ternary,600,740,6.967330371322357e-05,-0.01698381658711525,0.002131244603128693
variant-01,wcY,white_ternary,440,500,-3.233068957034592e-05,-0.03042221947527226,-0.0023160571012299297
variant-01,wcY,white_ternary,510,590,-1.0128106674433196e-05,-0.014348118885152904,-0.0015178316844512822
variant-01,wcY,white_ternary,600,740,-0.001435980319049422,-0.043700032031462416,-0.048413338491088746
variant-01,cY,pair,440,500,1.6286121877628147e-05,0.00895733739963966,-0.0036442525427986517
variant-01,cY,pair,510,590,1.6636010790514506e-05,0.0228970039877998,-0.0012569482597541595
variant-01,cY,pair,600,740,-0.0019389441945099391,-0.034737952085973335,-0.040621215291759674
variant-02,Bc,pair,440,500,-0.00015228558259299161,0.029861858078403414,0.014798162747377799
variant-02,Bc,pair,510,590,-8.446035164450955e-05,0.01717758156360439,0.013652002240130271
variant-02,Bc,pair,600,740,8.886794596730725e-05,0.0017063313680933038,-0.007816577773247887
variant-02,Bwc,white_ternary,440,500,-0.00019646559917751446,0.04557319197832808,0.010315414247966349
variant-02,Bwc,white_ternary,510,590,-0.0002802562169746498,0.04021081130688517,0.015003594436989133
variant-02,Bwc,white_ternary,600,740,0.00010308010543506718,0.01643017230248832,0.000348316437477697
variant-02,bWc,white_ternary,440,500,-4.883764059370251e-05,0.013879377946792624,0.008816308928471768
variant-02,bWc,white_ternary,510,590,-0.00021217912530866771,0.03479341869766753,0.013080762006366346
variant-02,bWc,white_ternary,600,740,0.00027374057686191047,0.010481260267443566,-0.006537763781622481
variant-02,BC,pair,440,500,0.00010556372877740636,0.00597434716985632,0.02834991185235589
variant-02,BC,pair,510,590,-6.38946005103515e-05,0.01698238224219163,0.0199157156818345
variant-02,BC,pair,600,740,-0.0005571203864706927,-0.031080628616519744,-0.014798752820150685
variant-02,bwC,white_ternary,440,500,-2.4120741678150783e-05,0.010703078460584095,0.00865375730636818
variant-02,bwC,white_ternary,510,590,-5.23331696917004e-05,0.013905335697419665,0.011083781580425023
variant-02,bwC,white_ternary,600,740,-0.0007942862512524861,-0.03859953761464451,-0.02390062172386995
variant-02,bC,pair,440,500,-9.2335842383785e-05,0.021349375634031432,0.014520666615837254
variant-02,bC,pair,510,590,-0.00017228658460017918,0.03463617216446664,0.010779183738717021
variant-02,bC,pair,600,740,-0.0007011214737254823,-0.023953662033209526,-0.02447473217549666
variant-02,By,pair,440,500,-0.00016745028584473114,-0.027121843707900443,-0.0191413831856234
variant-02,By,pair,510,590,1.1183562401816396e-05,0.0023790973831280767,-0.0013616148678391395
variant-02,By,pair,600,740,-0.00041232639148163066,0.025557808513005688,0.021184211466637362
variant-02,Bwy,white_ternary,440,500,-3.5532997314730708e-06,-0.004194241641764302,-0.012126744597492098
variant-02,Bwy,white_ternary,510,590,-1.0741041331484595e-05,0.012949603950864218,0.003790563282641216
variant-02,Bwy,white_ternary,600,740,-0.0005818133132991868,0.035545602097101794,0.02015494395960304
variant-02,bWy,white_ternary,440,500,-5.3458731947014895e-05,-0.016134847110519542,-0.010494246096916241
variant-02,bWy,white_ternary,510,590,-4.78551119446759e-05,0.02439558136558663,0.0030160113400214284
variant-02,bWy,white_ternary,600,740,-0.0002980585888337944,0.03729573724187478,0.01570236641331811
variant-02,BY,pair,440,500,1.6709094790334326e-05,-0.015012312634956131,-0.031787530280710206
variant-02,BY,pair,510,590,-4.7363624144769457e-07,0.0021624643774434543,-0.0036827048839988877
variant-02,BY,pair,600,740,-0.0002493829039111344,0.028275970038391787,0.03284107402511845
variant-02,Bcy,chromatic_ternary,440,500,9.377559323591731e-07,-0.004741220323212182,0.0022363741632106813
variant-02,Bcy,chromatic_ternary,510,590,3.4084809105983006e-05,-0.0006508416983375814,0.009092809907330239
variant-02,Bcy,chromatic_ternary,600,740,0.00019731170044409344,-0.033636060162084216,0.007019624966601887
variant-02,Wcy,white_ternary,440,500,-3.223193846571023e-06,-0.0255770920480563,-0.000159625119837567
variant-02,Wcy,white_ternary,510,590,1.8067877860692466e-05,-0.00563971046884141,0.0013987190095866668
variant-02,Wcy,white_ternary,600,740,-0.005132448363954771,-0.09966765793249616,-0.05053077736690224
variant-02,CY,pair,440,500,9.841349690627366e-05,-0.02527389500834681,0.007490361892139018
variant-02,CY,pair,510,590,0.0001523987168094013,-0.025120905895546053,0.008772908763068339
variant-02,CY,pair,600,740,0.000532351865124686,-0.024494369104027847,-0.05641130843203141
variant-02,bCy,chromatic_ternary,440,500,-1.6775852389258846e-06,0.0036419900404106487,0.0051665577372638685
variant-02,bCy,chromatic_ternary,510,590,3.3442606645165725e-05,-0.0014012163110261237,0.009586626923735716
variant-02,bCy,chromatic_ternary,600,740,0.0005203126981887712,-0.0027659958320213987,-0.010956900010116679
variant-02,wCy,white_ternary,440,500,1.795657711389947e-05,0.009315931426339333,-0.004092001284194065
variant-02,wCy,white_ternary,510,590,-1.6474026764750523e-05,0.016357747602268588,0.0018222904795432574
variant-02,wCy,white_ternary,600,740,-0.0016996798369558863,-0.04136118430351949,-0.04590911005767102
variant-02,Cy,pair,440,500,5.305402379404835e-05,0.016336951411149398,-0.006191513709074348
variant-02,Cy,pair,510,590,3.2658421793974236e-06,0.00901790541982167,0.0012947419597057822
variant-02,Cy,pair,600,740,-0.00170332577225659,-0.06317755039439758,-0.028693901439338396
variant-02,bwY,white_ternary,440,500,4.1944313324878796e-05,-0.001421612085442134,-0.014980820987962443
variant-02,bwY,white_ternary,510,590,-6.131481384100091e-05,-0.03391821690180176,-0.0030972956406961133
variant-02,bwY,white_ternary,600,740,-0.00013309340874843577,0.03067606130342509,0.02206693909807102
variant-02,bY,pair,440,500,-0.00017148580982080888,-0.028126322607259998,-0.023132276821813343
variant-02,bY,pair,510,590,-9.158687273985918e-05,-0.03935564808549859,-0.0050512043964880725
variant-02,bY,pair,600,740,-0.0015569242365811398,0.05275529516560156,0.03122991617362858
variant-02,bcY,chromatic_ternary,440,500,-1.3148550059850485e-05,-0.010486953761306428,-0.0035463890592522013
variant-02,bcY,chromatic_ternary,510,590,4.572134870351709e-05,-0.01102538465969384,0.005980377427522289
variant-02,bcY,chromatic_ternary,600,740,8.186043293528939e-05,-0.018714089285573658,0.003884506230403913
variant-02,wcY,white_ternary,440,500,-3.168013704864147e-05,-0.030410740273928545,-0.002261354707965057
variant-02,wcY,white_ternary,510,590,-1.0237464842124931e-05,-0.014288051465591041,-0.001511866493439964
variant-02,wcY,white_ternary,600,740,-0.0015039665686485515,-0.044701308978066456,-0.04914447383426523
variant-02,cY,pair,440,500,1.6353603480107186e-05,0.008943384700212375,-0.003669298042081298
variant-02,cY,pair,510,590,1.6387424020353674e-05,0.022943209908492735,-0.0012423628217808579
variant-02,cY,pair,600,740,-0.00202303219597412,-0.035737281960092786,-0.041104459521042594
variant-03,Bc,pair,440,500,-0.00013734078762215335,0.028005975089568334,0.014163390431216437
variant-03,Bc,pair,510,590,-8.385788618890367e-05,0.017151005491518514,0.013587112878252853
variant-03,Bc,pair,600,740,8.946695787846379e-05,0.0020580886176129122,-0.007411891727569611
variant-03,Bwc,white_ternary,440,500,-0.00017295795235227926,0.04394127706458277,0.009007546955677185
variant-03,Bwc,white_ternary,510,590,-0.0002844628012724252,0.04021204636310637,0.015353007272921545
variant-03,Bwc,white_ternary,600,740,9.148321562327159e-05,0.016776441830558427,0.000980977442048836
variant-03,bWc,white_ternary,440,500,-4.455933211471047e-05,0.012659789914356373,0.007186598434864764
variant-03,bWc,white_ternary,510,590,-0.0002159669778828074,0.03481788245871366,0.013359551686257937
variant-03,bWc,white_ternary,600,740,0.00025836268697585635,0.011195207206621111,-0.005730965389505676
variant-03,BC,pair,440,500,0.00010168052656244209,0.00473316694803349,0.0263941652452357
variant-03,BC,pair,510,590,-6.651058888732006e-05,0.016960438470668922,0.019380046290565778
variant-03,BC,pair,600,740,-0.0005247984427527826,-0.030408582634497004,-0.014012007580855263
variant-03,bwC,white_ternary,440,500,-2.0576743986481015e-05,0.010088880329150313,0.007324618445564036
variant-03,bwC,white_ternary,510,590,-5.303786336904847e-05,0.01390375269894136,0.01126391124830066
variant-03,bwC,white_ternary,600,740,-0.0007532100251773046,-0.0376263692786157,-0.022962130612689164
variant-03,bC,pair,440,500,-8.331271043217284e-05,0.020743237916469766,0.012944331937677949
variant-03,bC,pair,510,590,-0.00017271853390874898,0.03462574095628515,0.010706819350361446
variant-03,bC,pair,600,740,-0.0006618912898011293,-0.02294219964738136,-0.02350470898640752
variant-03,By,pair,440,500,-0.00012781592035741542,-0.0233113861898539,-0.019906735402368567
variant-03,By,pair,510,590,-3.330082515578783e-06,-0.014204931198648383,-0.001197440417513551
variant-03,By,pair,600,740,0.00010965984000809986,0.0037491954853699706,0.0211975669982179
variant-03,Bwy,white_ternary,440,500,1.2353219672468558e-05,-0.0020524160123754492,-0.013864495900236497
variant-03,Bwy,white_ternary,510,590,-1.1856277014996495e-05,0.012910014311896364,0.0040218321699298605
variant-03,Bwy,white_ternary,600,740,-0.0005737805963187229,0.035334077696567164,0.020141491676976653
variant-03,bWy,white_ternary,440,500,-3.617319690887823e-05,-0.012635411209739687,-0.011180529024677298
variant-03,bWy,white_ternary,510,590,-4.257608074675058e-05,0.027222303720856274,0.0023669016831887155
variant-03,bWy,white_ternary,600,740,-0.00028058459119375385,0.03873912343691605,0.014294082883788637
variant-03,BY,pair,440,500,-3.1613925858717786e-06,-0.015416647902531578,-0.030218055259244925
variant-03,BY,pair,510,590,2.268461145961039e-05,0.00439604555751974,-0.007070024843528456
variant-03,BY,pair,600,740,-0.00036205704995519313,0.02994148411984005,0.025335718227607842
variant-03,Bcy,chromatic_ternary,440,500,-1.4682972577917548e-06,-0.006541900559210464,0.001575011574582147
variant-03,Bcy,chromatic_ternary,510,590,2.7110541988413266e-05,-0.00044769825061832417,0.008107757388476142
variant-03,Bcy,chromatic_ternary,600,740,0.00014497636981917754,-0.03278128846966521,0.005570378349083052
variant-03,Wcy,white_ternary,440,500,-3.659313643781312e-06,-0.025837977145243215,-0.0001983945442450246
variant-03,Wcy,white_ternary,510,590,1.8304248241077884e-05,-0.00549743511694522,0.0014564409091539052
variant-03,Wcy,white_ternary,600,740,-0.005030203434154298,-0.09879853764928527,-0.04970745034746561
variant-03,CY,pair,440,500,9.736332582084187e-05,-0.025421187459419854,0.007384390135599778
variant-03,CY,pair,510,590,0.00015363078544260218,-0.02499683058159074,0.00886153772183362
variant-03,CY,pair,600,740,0.0005547535502638111,-0.023824604089130796,-0.055651844858623976
variant-03,bCy,chromatic_ternary,440,500,-1.2137560531377554e-06,0.0029792745312907337,0.004406778808046385
variant-03,bCy,chromatic_ternary,510,590,3.009746356351547e-05,-0.001327069210675044,0.00910726889689444
variant-03,bCy,chromatic_ternary,600,740,0.0005490619040017836,-0.0017228543121911707,-0.011538554894365147
variant-03,wCy,white_ternary,440,500,1.8513783072435943e-05,0.009106515532224382,-0.004278157204863743
variant-03,wCy,white_ternary,510,590,-1.7024903901719785e-05,0.016401227884416707,0.0018846488695718076
variant-03,wCy,white_ternary,600,740,-0.0016695983879694957,-0.04088761782745529,-0.0450923452538067
variant-03,Cy,pair,440,500,5.40258785184441e-05,0.016219269202375743,-0.006327862762734586
variant-03,Cy,pair,510,590,2.9520337420566827e-06,0.00905935540936855,0.0013610852215240486
variant-03,Cy,pair,600,740,-0.0016563919656267456,-0.06276686128335503,-0.02791099275125448
variant-03,bwY,white_ternary,440,500,4.4704967264077886e-05,-0.0006232829039355166,-0.014534613359987335
variant-03,bwY,white_ternary,510,590,-7.047362527709708e-05,-0.025166234928378127,-0.00462883888200501
variant-03,bwY,white_ternary,600,740,-0.00020919734065356704,0.033540412977616445,0.018383544294623373
variant-03,bY,pair,440,500,-0.00016878144348765796,-0.028237514003757392,-0.02177801617464355
variant-03,bY,pair,510,590,-0.00012843434733701727,-0.03081818225328231,-0.008325778130867791
variant-03,bY,pair,600,740,-0.0015367802713813809,0.056423348798215214,0.023597550259552704
variant-03,bcY,chromatic_ternary,440,500,-1.6949260378925113e-05,-0.011451361275200179,-0.0038648050820451196
variant-03,bcY,chromatic_ternary,510,590,3.470700059219967e-05,-0.010619144850148955,0.004965422975093816
variant-03,bcY,chromatic_ternary,600,740,6.832250349196702e-05,-0.017032230405916046,0.0020614184974150056
variant-03,wcY,white_ternary,440,500,-3.450184637775451e-05,-0.030957432208797663,-0.002422069967211835
variant-03,wcY,white_ternary,510,590,-1.0253304163804405e-05,-0.01429432793541431,-0.0015365083634045792
variant-03,wcY,white_ternary,600,740,-0.0014335989404497082,-0.04362229218029397,-0.04832819268861863
variant-03,cY,pair,440,500,1.6592716338700623e-05,0.008530027207427796,-0.0038672399654638106
variant-03,cY,pair,510,590,1.6916272902662303e-05,0.022947049596907906,-0.001274582195147326
variant-03,cY,pair,600,740,-0.0019430313241569452,-0.03475079720516098,-0.04062857669603001
variant-04,Bc,pair,440,500,-0.00015251114137679493,0.029885596337683562,0.01480170859060882
variant-04,Bc,pair,510,590,-8.53126775418662e-05,0.01729251508178846,0.013750143125823436
variant-04,Bc,pair,600,740,8.696390074641547e-05,0.0021077518490712137,-0.0075311884483296905
variant-04,Bwc,white_ternary,440,500,-0.00019844803493397612,0.045657615240044455,0.01040947597717897
variant-04,Bwc,white_ternary,510,590,-0.0002839505002731925,0.04032875062648192,0.015133755872855684
variant-04,Bwc,white_ternary,600,740,9.600900200079707e-05,0.01684078912770064,0.0006374322201391271
variant-04,bWc,white_ternary,440,500,-4.964634822505298e-05,0.014006659749485914,0.008936955273462655
variant-04,bWc,white_ternary,510,590,-0.00021390853788046327,0.03484484470935276,0.01317298015969757
variant-04,bWc,white_ternary,600,740,0.0002753459652514547,0.010834232961471853,-0.0062431495603845425
variant-04,BC,pair,440,500,0.0001055736895339029,0.005984934624842428,0.028365621890287317
variant-04,BC,pair,510,590,-6.414976869104891e-05,0.017059937907395677,0.020014049128190443
variant-04,BC,pair,600,740,-0.0005364724377808092,-0.030581551674466974,-0.014252455091905848
variant-04,bwC,white_ternary,440,500,-2.4306392839477975e-05,0.01074159051955924,0.008726201567646226
variant-04,bwC,white_ternary,510,590,-5.265246283759281e-05,0.013951808366402394,0.011169362731137571
variant-04,bwC,white_ternary,600,740,-0.0007674392387979392,-0.038173799348746096,-0.02351036229186939
variant-04,bC,pair,440,500,-9.241252213805818e-05,0.021354901588812227,0.014538154273871772
variant-04,bC,pair,510,590,-0.00017484931633000506,0.03469826260281068,0.01093867200173071
variant-04,bC,pair,600,740,-0.0006771205731331305,-0.023449303800665948,-0.023813671351572648
variant-04,By,pair,440,500,-0.00011350167699200881,-0.02234783870708598,-0.019115710256162766
variant-04,By,pair,510,590,-5.845528968042531e-06,-0.014212324336733112,-0.001546321389140767
variant-04,By,pair,600,740,0.00010942006984193798,0.0036549380710708753,0.021187414683154483
variant-04,Bwy,white_ternary,440,500,-3.283106751150146e-06,-0.004205627930685165,-0.01211218151629545
variant-04,Bwy,white_ternary,510,590,-9.580473482705822e-06,0.012919383432806145,0.0035556577078775303
variant-04,Bwy,white_ternary,600,740,-0.0005750737427138307,0.035201232029169,0.019968129280222475
variant-04,bWy,white_ternary,440,500,-5.028069649942157e-05,-0.016056794780288326,-0.009274412899885657
variant-04,bWy,white_ternary,510,590,-3.612309874017618e-05,0.027229669443161433,0.0019805456281846313
variant-04,bWy,white_ternary,600,740,-0.0002827628440255224,0.03817236562500615,0.014105362460628601
variant-04,BY,pair,440,500,-1.515938441980142e-06,-0.014808185528202778,-0.029180907045598163
variant-04,BY,pair,510,590,2.5841901986234017e-05,0.004364074047714057,-0.007471152852874579
variant-04,BY,pair,600,740,-0.00036056883935827014,0.02981129042437652,0.025281590381714403
variant-04,Bcy,chromatic_ternary,440,500,3.5645888650848404e-06,-0.004646101115827496,0.00272116594738945
variant-04,Bcy,chromatic_ternary,510,590,2.9353566086997565e-05,-0.0005113112187359395,0.008475077454082998
variant-04,Bcy,chromatic_ternary,600,740,0.00017192897886463812,-0.03286153396752043,0.0063087472216033875
variant-04,Wcy,white_ternary,440,500,-7.004796464436527e-06,-0.025377069065828057,-0.0005001401210631834
variant-04,Wcy,white_ternary,510,590,2.005951030954425e-05,-0.006588556301335811,0.0021720703339120537
variant-04,Wcy,white_ternary,600,740,-0.00496687937249899,-0.10002604341218395,-0.04708616519304208
variant-04,CY,pair,440,500,8.387324947786236e-05,-0.02515324034392964,0.006496543930044403
variant-04,CY,pair,510,590,0.00023332994899052036,-0.025939385574552058,0.012515087190806507
variant-04,CY,pair,600,740,0.0004392141091610592,-0.024144846034280944,-0.042406007579553796
variant-04,bCy,chromatic_ternary,440,500,-1.8779752528808667e-06,0.0036991631697526556,0.0051946670411101206
variant-04,bCy,chromatic_ternary,510,590,3.705412530079e-05,-0.0014895353475868082,0.010115623490588555
variant-04,bCy,chromatic_ternary,600,740,0.0005832919779305474,-0.002017744320697302,-0.008988177178139893
variant-04,wCy,white_ternary,440,500,2.1557435132293157e-05,0.010913373253599095,-0.004099267798512523
variant-04,wCy,white_ternary,510,590,-7.940786282919247e-06,0.008042421444806139,0.001890358173915938
variant-04,wCy,white_ternary,600,740,-0.002368718234153551,-0.06545267487434497,-0.04513512451294532
variant-04,Cy,pair,440,500,4.777719926654866e-05,0.014755315738355543,-0.006144622301249128
variant-04,Cy,pair,510,590,-9.91085746780407e-06,0.017407565873790123,0.0013685541218212407
variant-04,Cy,pair,600,740,-0.0015367415705409824,-0.038209156643647754,-0.02790081305078256
variant-04,bwY,white_ternary,440,500,2.9024313868728922e-05,-0.0012809516497708823,-0.013317133405614372
variant-04,bwY,white_ternary,510,590,-7.541690501661385e-05,-0.02535298938813648,-0.005116048390601224
variant-04,bwY,white_ternary,600,740,-0.000230984323053997,0.03323694142915292,0.018396050052355138
variant-04,bY,pair,440,500,-0.00016275093838325716,-0.027895568224373068,-0.020737757216986286
variant-04,bY,pair,510,590,-0.00013501734753875027,-0.031017550179165004,-0.008874581599046421
variant-04,bY,pair,600,740,-0.001570885465084925,0.05626190968372497,0.023740181244307393
variant-04,bcY,chromatic_ternary,440,500,-1.2257299759784496e-05,-0.010341108361744305,-0.0032108582073337158
variant-04,bcY,chromatic_ternary,510,590,4.47189326016969e-05,-0.011093488200454214,0.005877027683942297
variant-04,bcY,chromatic_ternary,600,740,0.00013303651911920629,-0.017379001322443167,0.004267334845139633
variant-04,wcY,white_ternary,440,500,-3.70487682999757e-05,-0.030408302479211242,-0.0027030263604948504
variant-04,wcY,white_ternary,510,590,2.7719257631922257e-06,-0.01665084521979913,0.0001423804257063265
variant-04,wcY,white_ternary,600,740,-0.0015402254180088288,-0.044651366967469845,-0.04286641483283428
variant-04,cY,pair,440,500,1.965891039569527e-05,0.008961984248109178,-0.004225112435496845
variant-04,cY,pair,510,590,-2.050506637126268e-05,0.02074047719297207,0.0018317388322043296
variant-04,cY,pair,600,740,-0.0022440393555067254,-0.03539099489090817,-0.0299472657254742
variant-05,Bc,pair,440,500,-0.00015228558259299161,0.029861858078403414,0.014798162747377799
variant-05,Bc,pair,510,590,-8.446035164450955e-05,0.01717758156360439,0.013652002240130271
variant-05,Bc,pair,600,740,8.886794596730725e-05,0.0017063313680933038,-0.007816577773247887
variant-05,Bwc,white_ternary,440,500,-0.00019646559917751446,0.04557319197832808,0.010315414247966349
variant-05,Bwc,white_ternary,510,590,-0.0002802562169746498,0.04021081130688517,0.015003594436989133
variant-05,Bwc,white_ternary,600,740,0.00010308010543506718,0.01643017230248832,0.000348316437477697
variant-05,bWc,white_ternary,440,500,-4.883764059370251e-05,0.013879377946792624,0.008816308928471768
variant-05,bWc,white_ternary,510,590,-0.00021217912530866771,0.03479341869766753,0.013080762006366346
variant-05,bWc,white_ternary,600,740,0.00027374057686191047,0.010481260267443566,-0.006537763781622481
variant-05,BC,pair,440,500,0.00010556372877740636,0.00597434716985632,0.02834991185235589
variant-05,BC,pair,510,590,-6.38946005103515e-05,0.01698238224219163,0.0199157156818345
variant-05,BC,pair,600,740,-0.0005571203864706927,-0.031080628616519744,-0.014798752820150685
variant-05,bwC,white_ternary,440,500,-2.4120741678150783e-05,0.010703078460584095,0.00865375730636818
variant-05,bwC,white_ternary,510,590,-5.23331696917004e-05,0.013905335697419665,0.011083781580425023
variant-05,bwC,white_ternary,600,740,-0.0007942862512524861,-0.03859953761464451,-0.02390062172386995
variant-05,bC,pair,440,500,-9.2335842383785e-05,0.021349375634031432,0.014520666615837254
variant-05,bC,pair,510,590,-0.00017228658460017918,0.03463617216446664,0.010779183738717021
variant-05,bC,pair,600,740,-0.0007011214737254823,-0.023953662033209526,-0.02447473217549666
variant-05,By,pair,440,500,-0.00016745028584473114,-0.027121843707900443,-0.0191413831856234
variant-05,By,pair,510,590,1.1183562401816396e-05,0.0023790973831280767,-0.0013616148678391395
variant-05,By,pair,600,740,-0.00041232639148163066,0.025557808513005688,0.021184211466637362
variant-05,Bwy,white_ternary,440,500,-3.5532997314730708e-06,-0.004194241641764302,-0.012126744597492098
variant-05,Bwy,white_ternary,510,590,-1.0741041331484595e-05,0.012949603950864218,0.003790563282641216
variant-05,Bwy,white_ternary,600,740,-0.0005818133132991868,0.035545602097101794,0.02015494395960304
variant-05,bWy,white_ternary,440,500,-5.3458731947014895e-05,-0.016134847110519542,-0.010494246096916241
variant-05,bWy,white_ternary,510,590,-4.78551119446759e-05,0.02439558136558663,0.0030160113400214284
variant-05,bWy,white_ternary,600,740,-0.0002980585888337944,0.03729573724187478,0.01570236641331811
variant-05,BY,pair,440,500,1.6709094790334326e-05,-0.015012312634956131,-0.031787530280710206
variant-05,BY,pair,510,590,-4.7363624144769457e-07,0.0021624643774434543,-0.0036827048839988877
variant-05,BY,pair,600,740,-0.0002493829039111344,0.028275970038391787,0.03284107402511845
variant-05,Bcy,chromatic_ternary,440,500,9.377559323591731e-07,-0.004741220323212182,0.0022363741632106813
variant-05,Bcy,chromatic_ternary,510,590,3.4084809105983006e-05,-0.0006508416983375814,0.009092809907330239
variant-05,Bcy,chromatic_ternary,600,740,0.00019731170044409344,-0.033636060162084216,0.007019624966601887
variant-05,Wcy,white_ternary,440,500,1.8691170244632033e-06,-0.03570611130466176,-0.000159625119837567
variant-05,Wcy,white_ternary,510,590,3.7678890923994546e-05,-0.02778026810990724,0.0013987190095866668
variant-05,Wcy,white_ternary,600,740,-0.002844960923926818,-0.06783153922821193,-0.05053077736690224
variant-05,CY,pair,440,500,9.841349690627366e-05,-0.02527389500834681,0.007490361892139018
variant-05,CY,pair,510,590,0.0001523987168094013,-0.025120905895546053,0.008772908763068339
variant-05,CY,pair,600,740,0.000532351865124686,-0.024494369104027847,-0.05641130843203141
variant-05,bCy,chromatic_ternary,440,500,-1.6775852389258846e-06,0.0036419900404106487,0.0051665577372638685
variant-05,bCy,chromatic_ternary,510,590,3.3442606645165725e-05,-0.0014012163110261237,0.009586626923735716
variant-05,bCy,chromatic_ternary,600,740,0.0005203126981887712,-0.0027659958320213987,-0.010956900010116679
variant-05,wCy,white_ternary,440,500,1.795657711389947e-05,0.009315931426339333,-0.004092001284194065
variant-05,wCy,white_ternary,510,590,-1.6474026764750523e-05,0.016357747602268588,0.0018222904795432574
variant-05,wCy,white_ternary,600,740,-0.0016996798369558863,-0.04136118430351949,-0.04590911005767102
variant-05,Cy,pair,440,500,5.305402379404835e-05,0.016336951411149398,-0.006191513709074348
variant-05,Cy,pair,510,590,3.2658421793974236e-06,0.00901790541982167,0.0012947419597057822
variant-05,Cy,pair,600,740,-0.00170332577225659,-0.06317755039439758,-0.028693901439338396
variant-05,bwY,white_ternary,440,500,4.1944313324878796e-05,-0.001421612085442134,-0.014980820987962443
variant-05,bwY,white_ternary,510,590,-6.131481384100091e-05,-0.03391821690180176,-0.0030972956406961133
variant-05,bwY,white_ternary,600,740,-0.00013309340874843577,0.03067606130342509,0.02206693909807102
variant-05,bY,pair,440,500,-0.00017148580982080888,-0.028126322607259998,-0.023132276821813343
variant-05,bY,pair,510,590,-9.158687273985918e-05,-0.03935564808549859,-0.0050512043964880725
variant-05,bY,pair,600,740,-0.0015569242365811398,0.05275529516560156,0.03122991617362858
variant-05,bcY,chromatic_ternary,440,500,-1.3148550059850485e-05,-0.010486953761306428,-0.0035463890592522013
variant-05,bcY,chromatic_ternary,510,590,4.572134870351709e-05,-0.01102538465969384,0.005980377427522289
variant-05,bcY,chromatic_ternary,600,740,8.186043293528939e-05,-0.018714089285573658,0.003884506230403913
variant-05,wcY,white_ternary,440,500,-3.168013704864147e-05,-0.030410740273928545,-0.002261354707965057
variant-05,wcY,white_ternary,510,590,-1.0237464842124931e-05,-0.014288051465591041,-0.001511866493439964
variant-05,wcY,white_ternary,600,740,-0.0015039665686485515,-0.044701308978066456,-0.04914447383426523
variant-05,cY,pair,440,500,1.6353603480107186e-05,0.008943384700212375,-0.003669298042081298
variant-05,cY,pair,510,590,1.6387424020353674e-05,0.022943209908492735,-0.0012423628217808579
variant-05,cY,pair,600,740,-0.00202303219597412,-0.035737281960092786,-0.041104459521042594
variant-06,Bc,pair,440,500,-0.00013734078762215335,0.028005975089568334,0.014163390431216437
variant-06,Bc,pair,510,590,-8.385788618890367e-05,0.017151005491518514,0.013587112878252853
variant-06,Bc,pair,600,740,8.946695787846379e-05,0.0020580886176129122,-0.007411891727569611
variant-06,Bwc,white_ternary,440,500,-0.00017295795235227926,0.04394127706458277,0.009007546955677185
variant-06,Bwc,white_ternary,510,590,-0.0002844628012724252,0.04021204636310637,0.015353007272921545
variant-06,Bwc,white_ternary,600,740,9.148321562327159e-05,0.016776441830558427,0.000980977442048836
variant-06,bWc,white_ternary,440,500,-4.455933211471047e-05,0.012659789914356373,0.007186598434864764
variant-06,bWc,white_ternary,510,590,-0.0002159669778828074,0.03481788245871366,0.013359551686257937
variant-06,bWc,white_ternary,600,740,0.00025836268697585635,0.011195207206621111,-0.005730965389505676
variant-06,BC,pair,440,500,0.00010168052656244209,0.00473316694803349,0.0263941652452357
variant-06,BC,pair,510,590,-6.651058888732006e-05,0.016960438470668922,0.019380046290565778
variant-06,BC,pair,600,740,-0.0005247984427527826,-0.030408582634497004,-0.014012007580855263
variant-06,bwC,white_ternary,440,500,-2.0576743986481015e-05,0.010088880329150313,0.007324618445564036
variant-06,bwC,white_ternary,510,590,-5.303786336904847e-05,0.01390375269894136,0.01126391124830066
variant-06,bwC,white_ternary,600,740,-0.0007532100251773046,-0.0376263692786157,-0.022962130612689164
variant-06,bC,pair,440,500,-8.331271043217284e-05,0.020743237916469766,0.012944331937677949
variant-06,bC,pair,510,590,-0.00017271853390874898,0.03462574095628515,0.010706819350361446
variant-06,bC,pair,600,740,-0.0006618912898011293,-0.02294219964738136,-0.02350470898640752
variant-06,By,pair,440,500,-0.00012781592035741542,-0.0233113861898539,-0.019906735402368567
variant-06,By,pair,510,590,-3.330082515578783e-06,-0.014204931198648383,-0.001197440417513551
variant-06,By,pair,600,740,0.00010965984000809986,0.0037491954853699706,0.0211975669982179
variant-06,Bwy,white_ternary,440,500,1.2353219672468558e-05,-0.0020524160123754492,-0.013864495900236497
variant-06,Bwy,white_ternary,510,590,-1.1856277014996495e-05,0.012910014311896364,0.0040218321699298605
variant-06,Bwy,white_ternary,600,740,-0.0005737805963187229,0.035334077696567164,0.020141491676976653
variant-06,bWy,white_ternary,440,500,-3.617319690887823e-05,-0.012635411209739687,-0.011180529024677298
variant-06,bWy,white_ternary,510,590,-4.257608074675058e-05,0.027222303720856274,0.0023669016831887155
variant-06,bWy,white_ternary,600,740,-0.00028058459119375385,0.03873912343691605,0.014294082883788637
variant-06,BY,pair,440,500,-3.1613925858717786e-06,-0.015416647902531578,-0.030218055259244925
variant-06,BY,pair,510,590,2.268461145961039e-05,0.00439604555751974,-0.007070024843528456
variant-06,BY,pair,600,740,-0.00036205704995519313,0.02994148411984005,0.025335718227607842
variant-06,Bcy,chromatic_ternary,440,500,-1.4682972577917548e-06,-0.006541900559210464,0.001575011574582147
variant-06,Bcy,chromatic_ternary,510,590,2.7110541988413266e-05,-0.00044769825061832417,0.008107757388476142
variant-06,Bcy,chromatic_ternary,600,740,0.00014497636981917754,-0.03278128846966521,0.005570378349083052
variant-06,Wcy,white_ternary,440,500,1.3568060286720981e-06,-0.03596699640184868,-0.0001983945442450246
variant-06,Wcy,white_ternary,510,590,3.864865233105422e-05,-0.027637992758011053,0.0014564409091539052
variant-06,Wcy,white_ternary,600,740,-0.0027787145797319142,-0.06696241894500105,-0.04970745034746561
variant-06,CY,pair,440,500,9.736332582084187e-05,-0.025421187459419854,0.007384390135599778
variant-06,CY,pair,510,590,0.00015363078544260218,-0.02499683058159074,0.00886153772183362
variant-06,CY,pair,600,740,0.0005547535502638111,-0.023824604089130796,-0.055651844858623976
variant-06,bCy,chromatic_ternary,440,500,-1.2137560531377554e-06,0.0029792745312907337,0.004406778808046385
variant-06,bCy,chromatic_ternary,510,590,3.009746356351547e-05,-0.001327069210675044,0.00910726889689444
variant-06,bCy,chromatic_ternary,600,740,0.0005490619040017836,-0.0017228543121911707,-0.011538554894365147
variant-06,wCy,white_ternary,440,500,1.8513783072435943e-05,0.009106515532224382,-0.004278157204863743
variant-06,wCy,white_ternary,510,590,-1.7024903901719785e-05,0.016401227884416707,0.0018846488695718076
variant-06,wCy,white_ternary,600,740,-0.0016695983879694957,-0.04088761782745529,-0.0450923452538067
variant-06,Cy,pair,440,500,5.40258785184441e-05,0.016219269202375743,-0.006327862762734586
variant-06,Cy,pair,510,590,2.9520337420566827e-06,0.00905935540936855,0.0013610852215240486
variant-06,Cy,pair,600,740,-0.0016563919656267456,-0.06276686128335503,-0.02791099275125448
variant-06,bwY,white_ternary,440,500,4.4704967264077886e-05,-0.0006232829039355166,-0.014534613359987335
variant-06,bwY,white_ternary,510,590,-7.047362527709708e-05,-0.025166234928378127,-0.00462883888200501
variant-06,bwY,white_ternary,600,740,-0.00020919734065356704,0.033540412977616445,0.018383544294623373
variant-06,bY,pair,440,500,-0.00016878144348765796,-0.028237514003757392,-0.02177801617464355
variant-06,bY,pair,510,590,-0.00012843434733701727,-0.03081818225328231,-0.008325778130867791
variant-06,bY,pair,600,740,-0.0015367802713813809,0.056423348798215214,0.023597550259552704
variant-06,bcY,chromatic_ternary,440,500,-1.6949260378925113e-05,-0.011451361275200179,-0.0038648050820451196
variant-06,bcY,chromatic_ternary,510,590,3.470700059219967e-05,-0.010619144850148955,0.004965422975093816
variant-06,bcY,chromatic_ternary,600,740,6.832250349196702e-05,-0.017032230405916046,0.0020614184974150056
variant-06,wcY,white_ternary,440,500,-3.450184637775451e-05,-0.030957432208797663,-0.002422069967211835
variant-06,wcY,white_ternary,510,590,-1.0253304163804405e-05,-0.01429432793541431,-0.0015365083634045792
variant-06,wcY,white_ternary,600,740,-0.0014335989404497082,-0.04362229218029397,-0.04832819268861863
variant-06,cY,pair,440,500,1.6592716338700623e-05,0.008530027207427796,-0.0038672399654638106
variant-06,cY,pair,510,590,1.6916272902662303e-05,0.022947049596907906,-0.001274582195147326
variant-06,cY,pair,600,740,-0.0019430313241569452,-0.03475079720516098,-0.04062857669603001
