r,g,b,out_r,out_g,out_b,deltaE00
3.502483584951708862e-01,7.847217336600211812e-01,5.143357403269660511e-01,3.549151319818931727e-01,7.834842354591956548e-01,5.128400656883258524e-01,1.540328923726514143e-01
8.997722942380026456e-02,8.756394937773359644e-04,5.394009336088771978e-01,1.679590925565610515e-01,2.312312408228089367e-01,2.444979684132382314e-01,1.864293464346447138e+01
3.630734994591833242e-01,6.561419338727185746e-01,6.857523669661448329e-01,3.629068104999765287e-01,6.560609053161495785e-01,6.856083880836169042e-01,1.103796544887570598e-02
2.877835169652830372e-01,3.195862189347501436e-01,5.151307753113960608e-01,2.317090919434050544e-01,3.640003448132346220e-01,4.037758235875373303e-01,1.746324452840893215e+01
6.711942461900504142e-01,1.894204161600667735e-01,8.017567034768245948e-01,5.008034192513977079e-01,4.870259766246290423e-01,5.331051048456283414e-01,2.678066555958892181e+01
2.957970676419623413e-01,2.863552420503723273e-01,9.336882487158795207e-01,0.000000000000000000e+00,5.079345583010249632e-01,8.589852814688107019e-01,2.175631293400932620e+01
8.979195228933917194e-01,3.228591430362756087e-01,4.453653183959693784e-01,8.807409424550348698e-01,3.583608961674664695e-01,9.650539852503123295e-02,2.445042806305769645e+01
2.067281431385595836e-01,1.486999069115545469e-01,6.988183293319483180e-02,1.806419269023156193e-01,1.771071146394619378e-01,1.716481002686710833e-01,1.146533009475789733e+01
7.603953595694857848e-01,9.773212481372077765e-01,5.499040814050972781e-01,5.903395175689392094e-01,9.026159665552051514e-01,5.570537309553464933e-01,7.523935917504771531e+00
1.881195676950220275e-01,4.823260186818574269e-01,9.221155031836459903e-01,0.000000000000000000e+00,5.330944477371122314e-01,8.738563618429652236e-01,7.042482712011264745e+00
2.213288916753297642e-01,2.948266793901038740e-01,4.284294499844847337e-01,1.786744264596168419e-01,3.207663131192371453e-01,3.575909602394070630e-01,1.462774124707443768e+01
4.031411635741910526e-02,2.546360582349014301e-01,8.935128953508175709e-01,0.000000000000000000e+00,5.079345582820761207e-01,8.589852818960893588e-01,2.252163255742837222e+01
6.473141002196055593e-01,2.636707726503628724e-02,4.387336247347766172e-01,5.661128178133153499e-01,3.182179277671615680e-01,1.298128379376517760e-01,3.739523848786365789e+01
4.653546870701816829e-01,2.889451324990397474e-01,5.834866857120696304e-01,3.914913936453263688e-01,3.856874660579277525e-01,4.052422348593837098e-01,2.158194361317216092e+01
8.274611651301011506e-02,2.002101903999579102e-01,5.735993472068999788e-01,1.006309666597845487e-01,3.217817685947351736e-01,3.761959482624618323e-01,1.866136424713029385e+01
2.743115944192128230e-01,9.572387336367348398e-01,6.796729046973433164e-01,5.423862634689697870e-01,9.135163597920822331e-01,6.645024358324116420e-01,6.071134442868954650e+00
1.915493253077182878e-02,3.645384428175200142e-01,1.176567163718256204e-02,2.179504970472843084e-01,3.828465152813188555e-01,2.745644695784408285e-01,1.311672414102033990e+01
7.007985545075842149e-01,4.414182827031510881e-01,2.820685860396252576e-01,7.001224737494365913e-01,4.419985685632215056e-01,2.736955768489541807e-01,7.042332540441923472e-01
3.663619105695786748e-01,6.359670822152416747e-01,3.114881069663663071e-01,3.668252848051443693e-01,6.356894028179116418e-01,3.101034997313357744e-01,6.958521356401442537e-02
8.517293493910560453e-01,2.298190041431260600e-01,7.198150555500689718e-01,5.845412369736276981e-01,5.605613575423771255e-01,6.402519931539839559e-01,2.501718251807346149e+01
6.378033745809423838e-01,7.162310538133287441e-02,8.361308791349234548e-01,4.738134976538688758e-01,4.624698402768436245e-01,5.004833886353136085e-01,2.866389263856157399e+01
4.156924538132600322e-01,3.920414041997135612e-01,8.687188789244211229e-01,3.586020369539255606e-16,5.079345582807999193e-01,8.589852819624355096e-01,1.771249004921169856e+01
8.485297959649991117e-01,8.868005621272188055e-01,2.866466084964660599e-01,8.274457660449401342e-01,8.118046706689822090e-01,1.314160736272682872e-01,5.428654313461825254e+00
9.953799469198979510e-01,7.845912040052638314e-02,8.650542953529853918e-01,7.770327526043514510e-01,6.890496224058189068e-01,9.801420921399305319e-01,2.559214705438623483e+01
2.347675823377438631e-01,3.580271324631156826e-02,6.603283003166471321e-02,1.718440869866778575e-01,1.718440869866777743e-01,1.718440869866779408e-01,2.081540690447043573e+01
2.824342867048881267e-01,6.455337974659427491e-01,3.173978470545377739e-01,2.831415695125109044e-01,6.453432584335998534e-01,3.166238621576378809e-01,4.353626352825142043e-02
7.815290242936639986e-01,4.087165436419815112e-01,4.625881868393662000e-01,7.503452990417266433e-01,4.765865383198038541e-01,3.175073835246515763e-01,1.967500357543497458e+01
2.069773399641955391e-01,4.254537617446251252e-01,3.140713005039557082e-01,2.099540610202061952e-01,4.250806850454673103e-01,3.143911195461513430e-01,1.365525096699802821e-01
8.146174990724697196e-02,5.961592725784735647e-01,2.671042935323458822e-01,9.028623046884151626e-02,5.992351871175453093e-01,2.907669483650883735e-01,1.012130013170507326e+00
5.726273759282076714e-01,2.047502787791810608e-02,4.515799277130370104e-01,3.399504342816919711e-01,3.364649957480790876e-01,3.482420088789507928e-01,2.579165617988637038e+01
6.338278698411736745e-01,2.293256182639701324e-01,6.961337751995666512e-01,4.640088026925895393e-01,4.534655357232827977e-01,4.888213139801465545e-01,2.499374754283229194e+01
4.696811393156322678e-01,6.177425572803596499e-01,2.211426651357849549e-01,4.694154395533030599e-01,6.179562706547968576e-01,2.244459074035855539e-01,1.260657589643743304e-01
3.953191135183653504e-02,4.611717419924070693e-01,1.392907671727972030e-01,1.716548418179370816e-01,4.795144911436715618e-01,2.972531762846755132e-01,7.705296334036206396e+00
1.487675522743304724e-01,9.198913050647278267e-01,6.288546349045983641e-01,4.841447166321794504e-01,8.720430757174155723e-01,6.163731444095773560e-01,6.121290096862395558e+00
1.429505117507009482e-01,6.719920883656719246e-01,8.522919314915263778e-01,1.290167397690775986e-01,6.733022465276190527e-01,8.509769406371188172e-01,3.287828072056009354e-01
6.246477273074001468e-01,8.512872917885676571e-01,9.563182498122829722e-01,5.270177879925354025e-01,8.543323406399245812e-01,9.588646134382489139e-01,4.031241683159756839e+00
6.363170897493152234e-01,1.515176978893963966e-01,8.930398494175338930e-01,5.049762163644846424e-01,4.907903035131250813e-01,5.382209140575613393e-01,2.834147194075504572e+01
8.777103238910218819e-01,4.818628042705502823e-01,6.439907788180277981e-01,8.347727586121572729e-01,5.988643508261414228e-01,5.608490792719619256e-01,1.664459926777587029e+01
9.395470655875584054e-01,1.031109875525401121e-01,4.851373352698563624e-01,8.800446383337194867e-01,3.385127017890058876e-01,5.819282822145057515e-02,3.201786081122630634e+01
1.039180669500165966e-01,8.748510300531664452e-01,1.830075850253052305e-01,5.355495009725952382e-01,8.052867394598641759e-01,3.658629047997631334e-01,9.068833773444575641e+00
3.896987140374267300e-01,2.226651617299434394e-01,1.275155462407655538e-01,3.566364212807914824e-01,2.589324360289860794e-01,1.587677716995856969e-01,7.053625649272010634e+00
4.814295885070779546e-01,5.979016062918244279e-01,9.625336645920290479e-01,3.993787748646892566e-01,6.743759159436986117e-01,9.826183093391106516e-01,8.846370768967215525e+00
2.991764252708358773e-01,3.513218807626614648e-01,2.521978522897396768e-01,2.996546935407818357e-01,3.508050106388134748e-01,2.524482066939548464e-01,1.193189149199938570e-01
5.883180664709903862e-01,2.697532532649541404e-01,3.902484165323977239e-01,5.285548996732029048e-01,3.472939205116596928e-01,1.965157281719773219e-01,2.700584083849118855e+01
4.886698743548082424e-01,9.502442452245829507e-01,9.992951347382417193e-01,5.026478546642374479e-01,9.411079425923957187e-01,9.823359682505991008e-01,8.199228232532114191e-01
4.212916197763829640e-01,6.375725543713967047e-01,3.916143392377398058e-01,4.214735632904052509e-01,6.372560954995848403e-01,3.899280530009126555e-01,9.167225957221816768e-02
8.857706262872019343e-01,5.823005236643634674e-01,5.202056560714526379e-01,8.418509737176710361e-01,5.822283285420898347e-01,5.173340096143073108e-01,2.404477951100925104e+00
1.609310672876352877e-01,1.310372962634297478e-01,7.284090772258327018e-01,0.000000000000000000e+00,3.803088359954211461e-01,4.754031822055959089e-01,2.253875428201360620e+01
3.960068571213911648e-01,3.877627498472121514e-01,3.924407354785461877e-01,3.897560489210169510e-01,3.896882955946656679e-01,3.908283229117316404e-01,1.463847162304668048e+00
3.763671447292726846e-01,3.309363184157221305e-01,7.241090850844028592e-01,2.165441430177545423e-01,4.485892022585840633e-01,5.269701556617673033e-01,1.843559773023709525e+01
4.615206802384629325e-01,1.603252891466254715e-01,5.474999214868405684e-01,3.315960268390794607e-01,3.284181819909594013e-01,3.391604341840359638e-01,2.507622148435466869e+01
5.424079943457504882e-02,3.333433966326136977e-01,3.859488298498353620e-01,8.644080652357583050e-02,3.328849435322249195e-01,3.846748560407209916e-01,6.625971006422659570e-01
9.062530010302582983e-01,8.142679654968798530e-01,5.568839802834520958e-01,9.459259090571429107e-01,7.357348716360420093e-01,1.416846482458084810e-01,1.257154834857636949e+01
2.953091652848437443e-01,4.897753444071828444e-02,3.308509708971502095e-01,1.878713107540240790e-01,1.877349020126565793e-01,1.881985860150522938e-01,2.419075188695024181e+01
4.219158157982536572e-01,5.335486828435160866e-01,5.341122448963000480e-01,4.217769202155400299e-01,5.333235519392863777e-01,5.336203060693403000e-01,3.991714136949076064e-02
4.021683154987509834e-01,7.097757896658692944e-01,4.699491654897232085e-01,4.022583560095266964e-01,7.095453433873385451e-01,4.685921004317948335e-01,7.186726578945486221e-02
3.865833882773137553e-01,5.320829607246565507e-01,6.417047078730554466e-01,3.798882798769459557e-01,5.373813062289177767e-01,6.305280148998172463e-01,2.242370044374716098e+00
8.814517167888674676e-01,7.332099772420230810e-02,3.617689695629996427e-01,8.800446383343950574e-01,3.385127017888597822e-01,5.819282822123645477e-02,2.700171617168312110e+01
5.865887282336545994e-01,3.120136157159150159e-01,7.167978172363133060e-01,4.789641658577251104e-01,4.671827681316370051e-01,5.066487238940549087e-01,2.275915075872681470e+01
6.080493618352811325e-01,1.240656956337445882e-01,5.011746906475615937e-01,3.813022909926636617e-01,3.760181516565336279e-01,3.938323283887790738e-01,2.521038903080170357e+01
7.870032689337439491e-01,8.591258047739303016e-03,5.061862740058604704e-01,7.584351218768941028e-01,3.430773494586099592e-01,9.063066613488435230e-02,3.805571567153899082e+01
3.903159822123667411e-01,6.409868200573218822e-01,4.120993598876838693e-01,3.904791918642865900e-01,6.406886394677350216e-01,4.105125862302253514e-01,8.816625567061114888e-02
8.136409696185663565e-01,1.457152676940176583e-02,8.009105755766852131e-01,5.580881242559180277e-01,5.378336582331663118e-01,6.052813962359030464e-01,2.768542184229961478e+01
9.868124175114525443e-01,7.285194256754323749e-02,6.203125691779943773e-01,8.800446383343935031e-01,3.385127017888610035e-01,5.819282822123700988e-02,3.751038366683512493e+01
5.885453560326364686e-01,2.714253681186454825e-01,3.812315576512141924e-01,5.425019225191893835e-01,3.370135539752303067e-01,1.716885749957623719e-01,2.658464484795436178e+01
8.947399564364670876e-01,7.090337533095664169e-01,1.174682629435552794e-01,8.946063585344200542e-01,7.088711952043660336e-01,1.161053091827682904e-01,1.870949605160546550e-02
8.298899744961318881e-01,4.266037184038584673e-01,1.875036935569079910e-01,8.304834932138343007e-01,4.256996376495909007e-01,1.711746273541833729e-01,7.548094016135223905e-01
5.982782213278567962e-01,9.942521916167037510e-01,6.104884184813554882e-01,5.722555664303751177e-01,9.116663177444052080e-01,6.106517741237292851e-01,5.175495531698219409e+00
8.303572214936221219e-01,6.574728291691877002e-01,5.221443751530004951e-01,8.224317776016448756e-01,6.567620723880227551e-01,5.192027749363847811e-01,6.913788257285085059e-01
7.007351953638655262e-01,5.426535785064667827e-01,4.328467349161393418e-01,6.993736252229402206e-01,5.435226824175636295e-01,4.298466306437136453e-01,4.794819524772492292e-01
7.146011660085753725e-01,2.271580155030190618e-01,4.973178930608198600e-01,6.901565129983582292e-01,3.377495893306577956e-01,1.061838593867575342e-01,3.554697853959847009e+01
4.219834004841100938e-01,7.050772109251791653e-01,4.040902805184772850e-01,4.223049969175530216e-01,7.047260379666173691e-01,4.018726568213182859e-01,1.076427834497882680e-01
6.155574272418070647e-01,1.185496538615289364e-01,4.587023193232641072e-01,3.763830901255334482e-01,3.713385190906307587e-01,3.883498841578731375e-01,2.503362200380411196e+01
2.732313076909753669e-01,8.453178482128687055e-01,9.025896178153203220e-02,5.336860190806979043e-01,7.893949637094377358e-01,3.319987285996141013e-01,7.871740762191018703e+00
2.626654539797882437e-01,9.212642237663146716e-01,6.849858409190000552e-01,4.811118351150228123e-01,8.849753142019363139e-01,6.698897591602679391e-01,4.760008533750005100e+00
8.706905213896133366e-01,8.464747147724955845e-01,7.339285190072627474e-01,7.878636976721690166e-01,6.998840415922872316e-01,6.406110479741716768e-01,1.380276414616688108e+01
8.901996700826243503e-01,4.755781742883059549e-01,2.255467987374198957e-01,8.909763229633955728e-01,4.743690182106626296e-01,2.122829855889462047e-01,5.913528213097956066e-01
8.021422495156553811e-01,6.233813267625704091e-01,5.396435421941847554e-01,8.014292984259110408e-01,6.233842437272421044e-01,5.383383238118464309e-01,1.628884696106838448e-01
7.455850561414498756e-01,6.901232257481407784e-01,4.705020545835112422e-01,7.444131636248435546e-01,6.898728537048175458e-01,4.677442419344038371e-01,1.759541888187267367e-01
7.510173226184505557e-01,4.916377959489290905e-01,3.145885694568396618e-01,7.505318977818506987e-01,4.919322682583809336e-01,3.085046531864223396e-01,4.808505815188552357e-01
1.054594709099816452e-01,3.490165520437862323e-01,9.361643832532251519e-01,0.000000000000000000e+00,5.079345582802650139e-01,8.589852819382914895e-01,1.571063806907322657e+01
2.435904464464063723e-01,2.060753886965268622e-01,5.139789933568061908e-01,1.315051212431199157e-01,2.967255550822768817e-01,3.367644065641430817e-01,1.824682679716019607e+01
6.624496552971201879e-01,9.181890450896368350e-02,8.242510072344074734e-01,4.851085876391668106e-01,4.727889173911910548e-01,5.140397691072440267e-01,2.827682975619590522e+01
2.754040660939384155e-01,7.126481558919396386e-01,1.519375809280226752e-01,3.857749282251728418e-01,6.914929525736945859e-01,2.712913932592657673e-01,4.076092949777169849e+00
8.374240733167243045e-01,5.626647199429180013e-02,3.865311486153670817e-01,8.261259367082897098e-01,3.434854034855354121e-01,7.314398723622786425e-02,3.022452406365387034e+01
1.328972410121738168e-01,6.643400373645923507e-01,7.909449719780515808e-01,1.324104536187823145e-01,6.643046942009416256e-01,7.909118014547698028e-01,5.453350057762217790e-03
6.519799919120733422e-01,2.692279423488789236e-01,3.817203678131890765e-01,6.285454654958285703e-01,3.295222606945958921e-01,1.186008580852087879e-01,2.684058600474177680e+01
6.730680617573221447e-01,7.394329089890280260e-01,4.237034416941146686e-01,6.728098729206114514e-01,7.391920337058839330e-01,4.211552353726351616e-01,1.084426056311609543e-01
5.910218354087403148e-01,5.283502444910318507e-01,6.141392295170235993e-01,5.654325786362156547e-01,5.429382719254289835e-01,6.107183304898712306e-01,4.518886295532015929e+00
8.999953299936483964e-01,1.602239605070625572e-01,4.555741125388148571e-01,8.800446383343428769e-01,3.385127017888764356e-01,5.819282822124812599e-02,3.049437462751016170e+01
6.229734164305862354e-01,1.187484939930963934e-01,8.466180422183694487e-01,4.762369393731404332e-01,4.646888307004021779e-01,5.033808404783161050e-01,2.843671096958901856e+01
1.613186735735311350e-01,9.260274517602603561e-01,7.292540993719041076e-01,4.617358704750132437e-01,8.854243232900675942e-01,7.082240887942032881e-01,5.210904189491232685e+00
9.921048653768237413e-01,9.394528640615240622e-02,3.273124251289165620e-01,8.800446383344011636e-01,3.385127017888596157e-01,5.819282822123562210e-02,2.189101223635703874e+01
5.043555931815946192e-02,4.959309073795593603e-01,6.428961929670545805e-01,0.000000000000000000e+00,5.007924180842567852e-01,6.307574860643317960e-01,1.829413890538012843e+00
4.753616426510476334e-01,6.210216867707298860e-01,3.612157774213350381e-01,4.755773200109240650e-01,6.206672472326157930e-01,3.592870347924034258e-01,1.044803668042120354e-01
6.949598834694081795e-01,7.513159177039233638e-01,4.543674585330328419e-01,6.761176496000265157e-01,7.439180949162923495e-01,4.398891796654704756e-01,9.967489235860597097e-01
9.892765090540437400e-01,1.739128769047249001e-02,8.814709747612741175e-01,7.770327526048433908e-01,6.890496224054925012e-01,9.801420921472870917e-01,2.572844781735896902e+01
4.333302289743369284e-01,7.399850092817634728e-01,7.030252816024040730e-01,4.332364525938013355e-01,7.399292412856196544e-01,7.028737250745180631e-01,1.072896570093853467e-02
1.994109288337659880e-01,2.751672039811848824e-01,6.235254135132561881e-02,2.507428064052151795e-01,2.767573551881568616e-01,2.132994045102176162e-01,1.177093006008153786e+01
3.021568411160949763e-01,9.274444598976524512e-01,7.992152349497851915e-01,4.635939054843854490e-01,9.011152269055739961e-01,7.817786355385166752e-01,3.463933015872042276e+00
9.693544898593409176e-01,3.970118281114572989e-01,3.991765472408332904e-01,8.760020412486057007e-01,4.486432349185466850e-01,2.465566463505660666e-01,1.506101158463799194e+01
5.229011256346884906e-01,7.749275917150013626e-01,1.778919116637744935e-03,5.685883816088650455e-01,7.607264379682392441e-01,2.345276173370020589e-01,3.502681243563311675e+00
8.306657248214532885e-01,4.509161429975918622e-01,7.796130925433135683e-01,6.646762562187101819e-01,6.253310491326254938e-01,7.553492117787060645e-01,1.766992776359796835e+01
1.363163312313867559e-01,4.999210470272008600e-01,7.510291390013912327e-01,0.000000000000000000e+00,5.266164036724234609e-01,6.956243380277099542e-01,7.107559717126259002e+00
6.506666138995946813e-01,1.541541136267713386e-01,2.072431099024765189e-01,5.927451300312610583e-01,3.233938761087129521e-01,1.251885149618241211e-01,2.014825574950249987e+01
5.240863781173690228e-01,7.717605545053873861e-01,4.948467101176471372e-01,5.252376232205413498e-01,7.709251178338502042e-01,4.929128205592982481e-01,1.219451460515703495e-01
1.364386416818625936e-01,6.090057606747233399e-01,3.914728933049808068e-01,1.387588309179086099e-01,6.089111186163636003e-01,3.913805252384593980e-01,3.279576942609835344e-02
1.980379680658045372e-01,5.102374693980461506e-01,9.536297780290881043e-01,0.000000000000000000e+00,5.644341349897413762e-01,8.956207522053538650e-01,7.604185964304618572e+00
8.984815853393767204e-01,5.965596865911726443e-01,2.035434852739286260e-01,8.988206100359575901e-01,5.957037994109711798e-01,1.952077421991118000e-01,2.278479919401061038e-01
1.069633460064034480e-01,2.963139823699088016e-01,2.714874374250979550e-01,1.680504929505957090e-01,2.937783861540368968e-01,2.842277164146419510e-01,4.171287917294381309e+00
4.809140186911171622e-01,9.596830647271072934e-01,3.703323764717092459e-01,6.291954459388808818e-01,8.829602836616864403e-01,4.567164431656897672e-01,6.943367475765683139e+00
2.123464899529607930e-01,3.775009052589939351e-01,5.108815969922794187e-01,1.598977892513389065e-01,3.970925033027090656e-01,4.655932745921677607e-01,9.181559009451632392e+00
1.190235458684618663e-02,1.279494743812081836e-01,6.277987253545370683e-01,9.783453119880988758e-02,3.235107490700696031e-01,3.790141959544271466e-01,2.032883166357019888e+01
8.286013611639079235e-01,9.493810220338976258e-01,8.561136192742158091e-02,7.310441533714611140e-01,8.379631858062600580e-01,2.620629209609602328e-01,7.646359046157457762e+00
8.289869231725904841e-01,1.335066186307376501e-01,2.394855565482842952e-01,8.085265813232522802e-01,3.439403726433019615e-01,7.788826733408782399e-02,1.975914328965141564e+01
8.429417507234756579e-01,1.910332770839473504e-02,9.091321834058858631e-01,6.261672538988989345e-01,5.951082541752692467e-01,6.980038728619041288e-01,2.764168379916893059e+01
1.139134520151869889e-01,6.335314001801368722e-01,1.685811347563848095e-03,2.552236259203898294e-01,6.261265476118214046e-01,2.559090612610493420e-01,5.597841934002460995e+00
3.938125118338610120e-01,9.061470935055113696e-01,8.747903274373175497e-01,4.329852044173412295e-01,8.990280627895540499e-01,8.688163942274271800e-01,9.302251997991569654e-01
9.324536167145924814e-01,9.776716663374669380e-01,3.229882167063061749e-01,9.453877031898675343e-01,7.956118070276648746e-01,0.000000000000000000e+00,1.458374623444765383e+01
1.173945251891505004e-01,8.866553883034149486e-01,6.398218778124561412e-01,4.203452566308130689e-01,8.482066056773291951e-01,6.267353717660951729e-01,4.855598927087471317e+00
5.992599694253596398e-01,2.394319150579101718e-01,9.607355372226545898e-01,0.000000000000000000e+00,5.079345582789923652e-01,8.589852819615974022e-01,2.969121249091309522e+01
3.399544465280867067e-01,3.403146387842843623e-01,9.498809840833000173e-02,3.481441523730464671e-01,3.471585492582257571e-01,2.000892200965742052e-01,5.812440514718399065e+00
1.612765188691788198e-01,9.521719772110528446e-01,4.311760717368131601e-01,5.909868184117089696e-01,8.785041141353828742e-01,4.812246119609870365e-01,9.125940416480995410e+00
6.501291057791812600e-01,8.240471184735310706e-01,1.519726843347312117e-01,6.690502314021650188e-01,8.141800589012685441e-01,2.473681513342528837e-01,2.006203832941385823e+00
6.787962078568686719e-01,7.762240696147045815e-01,9.607136357961844064e-01,5.775294053821071749e-01,7.637251699361856661e-01,9.592349303079207301e-01,5.950481429309820491e+00
2.876460198021155712e-01,5.176919318676139747e-01,7.648849184524428857e-01,1.678242385372969991e-01,5.581250518943211558e-01,7.132599945854141144e-01,9.628442987324040914e+00
4.145827141582441033e-01,5.898257230776680071e-01,1.083498890764952316e-01,4.074482417694175740e-01,5.987599021713078118e-01,2.238824831543957949e-01,3.746289125563712297e+00
8.682038449221936016e-01,3.940039884377993795e-01,2.134355719465065304e-01,8.703551305727817988e-01,3.956143179643250574e-01,1.585663479481843607e-01,3.024011256078571463e+00
