rust_objective,slsqp_objective
8.031368027673596588e-03,8.031368027509970531e-03
4.266354672671496121e-05,4.250910455806157246e-05
4.686339347098548123e-03,1.899024780632035600e-03
2.874114369280246851e-06,2.213272546206228160e-06
1.324603679980633150e-03,1.302820290151677531e-03
2.196413380247179588e-03,2.153758500943603847e-03
6.412720824570550954e-04,1.961507916848339791e-04
1.946305700012166621e-04,1.228093492624894904e-04
6.726228854980305198e-03,5.776669795134765223e-03
6.270204856217519553e-04,8.325413624628558824e-05
9.984757393737310471e-04,5.008840348772387353e-04
1.411534351839047359e-04,1.395716285034570244e-04
1.462447589296020888e-02,1.462447589296024184e-02
4.616085946821180119e-02,4.616085946815767782e-02
1.065588711793968191e-05,1.066590159508028664e-05
3.560965234391198618e-05,3.391045897141268666e-05
1.836927620101128756e-05,1.378972512753988828e-05
1.892470743101543063e-02,1.527693066058484483e-02
2.203054675968421183e-04,2.085155519070389422e-04
3.777030605979618538e-02,3.777030606013576791e-02
1.104060697691420199e-02,1.102467851292949705e-02
7.156129663476324938e-05,7.087306234016421019e-05
1.245303726459757489e-02,1.245303726455586346e-02
4.006136642254481267e-02,3.915816056438385651e-02
3.115968801303382418e-05,2.313138275176718648e-05
3.636981249954190036e-05,3.538080371702733540e-05
4.176783268562599209e-05,3.626393105585579369e-05
2.392621691759573826e-03,2.138410710240678213e-03
1.774135480925252001e-02,1.771736393814781971e-02
7.237500329620734363e-03,7.237500329532198413e-03
2.487414577657089988e-03,2.032271725434413648e-04
1.011647148522578851e-02,2.170560026381431525e-03
1.255058687546818999e-02,1.255058687548509834e-02
1.198209460699097353e-03,7.400240553967509221e-04
6.111180388002248470e-02,6.111180388002248470e-02
1.054835786585484395e-02,1.054835787777379241e-02
4.598611967781467136e-02,4.598611969242253489e-02
5.182188614791491838e-06,4.158833508314477814e-06
3.420043432578356857e-02,3.420043432578646903e-02
1.247987715304176232e-03,6.173190439948229380e-04
1.117365808099976196e-02,1.059645130786699037e-02
4.685667354514646611e-04,4.643315793489825893e-04
3.327180159441178606e-05,2.615040897926917439e-05
4.683373881386554416e-02,4.683373881391868221e-02
1.315721600797504793e-03,1.314534023234015638e-03
3.817011244138347748e-02,3.802441846566104872e-02
3.884199558537228952e-02,3.884199558609611330e-02
1.234853146966273865e-02,1.126355504016887145e-02
6.562069798327614212e-05,1.309021431021607987e-05
6.628421656208677900e-04,5.806239409881448809e-04
2.535285583773744592e-03,6.199598755626508154e-04
1.593428104522649980e-05,1.593427686282322220e-05
5.730312662265251746e-03,5.730312662277328023e-03
7.553782932736575681e-03,7.553782932760545223e-03
5.508081136939293413e-04,6.438601273387015459e-05
3.892860988053299925e-04,1.234559993193794876e-04
1.541013716698719834e-04,4.419578317882962238e-05
1.540516619944710171e-03,1.540516629892910855e-03
3.825015124067504720e-03,3.070848089348541740e-03
1.023431899610202298e-02,4.973934033573338721e-03
1.300389169539601861e-03,1.026192371535344146e-03
3.469840720700881348e-05,3.117759678612150716e-05
9.113507271442251563e-04,2.075731344818696638e-04
2.833491424336419332e-06,2.643702573010956906e-06
2.198515117266541807e-04,1.402745099827427955e-04
4.762981386310788243e-06,4.718823458905145974e-06
1.440545874647811532e-03,9.634425984746489710e-04
3.232376858962805743e-03,2.424398114965970255e-03
2.664947933684529990e-05,2.598288129096190880e-05
5.375807766718089650e-05,5.290351119991015951e-05
1.079200701794349321e-02,1.068315002142026376e-02
9.275294324745332521e-05,6.619628009423017285e-05
3.212018569785666589e-05,2.013184844730071213e-05
4.619169346012160665e-05,3.669873392291937280e-05
1.086762810678362258e-02,1.086762809801049279e-02
7.859776298896785970e-04,1.636145358474891788e-04
5.934245972673590942e-05,2.187196945995765232e-05
2.554699736785944874e-03,2.323075780383781867e-03
3.278117662557413490e-05,1.021773815014077023e-05
2.384985473589716978e-04,2.362499813531701207e-04
2.022847672087238133e-02,2.022847659561928524e-02
2.098855873347411482e-03,1.782448250781938463e-04
4.355976160755487816e-04,4.237986920257550295e-04
8.360671704802409218e-03,4.192089573386211313e-03
7.803381811136936991e-04,7.321210733282389541e-04
4.656621732389005022e-03,2.583442729851536876e-03
1.336859720903810396e-02,1.336859720921133865e-02
2.567238366511309793e-05,2.166481464326526821e-05
2.374985002555982452e-02,2.374985002555984534e-02
2.951512965438327259e-03,1.433544130063035783e-03
4.558311911443285757e-04,3.670201557901245815e-04
5.510149070385629566e-02,5.510149070388398185e-02
4.349373503838311749e-05,4.079646792620926851e-05
3.590470356929149898e-02,3.590470356929900686e-02
6.184458738974883284e-05,6.085154515185512640e-05
4.160222738530476583e-02,4.160222738530890835e-02
6.094194834581931342e-02,6.094194834586547788e-02
6.120163823791612695e-04,1.251905256195155085e-04
1.006653273695668448e-02,8.370934943721231383e-03
4.265442469927229613e-02,4.265442470363864369e-02
3.559847523315644822e-03,3.507550960001546043e-03
1.231470901173814872e-02,1.210372550143885666e-02
6.697302001501675441e-05,6.672165028897216626e-05
1.510285790531432082e-02,1.510285573378428170e-02
5.101495243167601668e-03,5.101495243170464829e-03
1.499352104764144211e-02,1.499352104764144211e-02
2.184047963540977286e-02,2.183419302537853435e-02
1.393830905625707654e-03,8.414026459588160511e-04
5.625215648938400824e-05,3.634534020259189212e-05
8.824876891390198361e-03,5.929497133831407481e-03
5.323156757890135093e-03,1.881684182827236427e-03
1.185501381530265283e-02,1.180864481603098766e-02
2.124671739625813571e-02,2.025553702801824105e-02
1.237943514856924485e-02,1.183915070307836430e-02
3.801091195653714255e-02,3.801091169570169209e-02
6.879306094626028980e-04,5.654623792379176277e-04
3.520457460582012961e-05,3.497972095890438456e-05
2.035448245243255683e-02,1.893384217739026501e-02
5.508878078024483689e-06,2.401237525510056184e-06
1.169728447961451701e-02,1.169728448007189246e-02
2.351738652647720508e-03,5.505472387354849121e-04
7.177619233988093215e-05,2.793110020872030668e-05
7.355362749632017228e-06,7.344148746674832975e-06
6.637184337297899646e-03,6.637184337264359635e-03
3.838460124845406718e-02,3.838460124845497617e-02
5.135844706186134504e-05,2.789060937851101262e-05
3.190167757549606180e-05,2.765945348690796520e-05
4.836403221730481428e-02,4.836403221731567365e-02
