operation,repeat,iterations,ns_per_operation
interpolate,0,500000,68.635600
decode_linear,0,500000,73.568000
decode,0,500000,163.717400
cached_mix_decode,0,500000,202.497600
full_rgb,0,500000,581.431000
update_stream,0,500000,271.999000
encode,0,500000,200.563000
decode_linear,1,500000,75.766600
decode,1,500000,185.507800
cached_mix_decode,1,500000,347.251200
full_rgb,1,500000,918.304600
update_stream,1,500000,355.473600
encode,1,500000,472.947600
interpolate,1,500000,366.225600
decode,2,500000,372.300600
cached_mix_decode,2,500000,248.689800
full_rgb,2,500000,863.796400
update_stream,2,500000,727.557000
encode,2,500000,374.682200
interpolate,2,500000,70.592800
decode_linear,2,500000,95.752400
cached_mix_decode,3,500000,184.403600
full_rgb,3,500000,662.309800
update_stream,3,500000,233.933800
encode,3,500000,191.728200
interpolate,3,500000,69.733400
decode_linear,3,500000,76.645800
decode,3,500000,140.876200
full_rgb,4,500000,563.103800
update_stream,4,500000,229.109800
encode,4,500000,189.025400
interpolate,4,500000,66.372000
decode_linear,4,500000,72.865000
decode,4,500000,141.998200
cached_mix_decode,4,500000,156.247400
update_stream,5,500000,259.629400
encode,5,500000,195.049800
interpolate,5,500000,88.160600
decode_linear,5,500000,75.598600
decode,5,500000,146.206200
cached_mix_decode,5,500000,180.199800
full_rgb,5,500000,559.104000
encode,6,500000,182.336800
interpolate,6,500000,65.959000
decode_linear,6,500000,77.808400
decode,6,500000,148.684000
cached_mix_decode,6,500000,226.574800
full_rgb,6,500000,717.878400
update_stream,6,500000,228.844600
interpolate,7,500000,64.123800
decode_linear,7,500000,76.759200
decode,7,500000,164.262200
cached_mix_decode,7,500000,179.425000
full_rgb,7,500000,514.007400
update_stream,7,500000,216.100600
encode,7,500000,197.147400
decode_linear,8,500000,77.169200
decode,8,500000,142.498200
cached_mix_decode,8,500000,179.633400
full_rgb,8,500000,549.578000
update_stream,8,500000,267.621400
encode,8,500000,229.155000
interpolate,8,500000,71.570600
