case,paint,label_position_zero_based,hypothesized_spectrum_position_zero_based,wavelength_nm,reflectance
identity,V,0,0,548.99,0.14647
identity,O,4,4,548.99,0.058195
identity,B,14,14,548.99,0.043438
identity,W,33,33,548.99,0.11205
identity,C,64,64,548.99,0.044461
identity,Y,110,110,548.99,0.080487
identity,G,174,174,548.99,0.026123
lexical_decimal_0based,V,0,0,548.99,0.14647
lexical_decimal_0based,O,4,109,548.99,0.065938
lexical_decimal_0based,B,14,46,548.99,0.057476
lexical_decimal_0based,W,33,102,548.99,0.027634
lexical_decimal_0based,C,64,136,548.99,0.076357
lexical_decimal_0based,Y,110,14,548.99,0.043438
lexical_decimal_0based,G,174,84,548.99,0.11286
lexical_decimal_1based,V,0,0,548.99,0.14647
lexical_decimal_1based,O,4,120,548.99,0.04786
lexical_decimal_1based,B,14,56,548.99,0.065151
lexical_decimal_1based,W,33,103,548.99,0.07214
lexical_decimal_1based,C,64,137,548.99,0.050406
lexical_decimal_1based,Y,110,14,548.99,0.043438
lexical_decimal_1based,G,174,84,548.99,0.11286
