source_row,pair,target_first_over_second,calibration_rows,calibration_ratios,inside_calibration_ratio_range,exact_calibration_ratio
205,Cadmium Yellow / Scarlet Lake,0.5,"88,89","1,9",False,False
205,Cadmium Yellow / Alizarine Lake,1.0,"92,93","1,9",True,True
205,Scarlet Lake / Alizarine Lake,2.0,"108,109","1,9",True,False
206,Cadmium Yellow / Scarlet Lake,0.5,"88,89","1,9",False,False
206,Cadmium Yellow / Alizarine Lake,1.0,"92,93","1,9",True,True
206,Cadmium Yellow / Mixed White,0.25,"8,9,10,11,12","1,0.333333333333,0.142857142857,0.0526315789474,0.010101010101",True,False
206,Scarlet Lake / Alizarine Lake,2.0,"108,109","1,9",True,False
206,Scarlet Lake / Mixed White,0.5,"14,15,16,17,18,19","4,1,0.333333333333,0.142857142857,0.0526315789474,0.010101010101",True,False
206,Alizarine Lake / Mixed White,0.25,"21,22,23,24,25,27,28,29,30","4,1,0.0666666666667,0.0322580645161,0.00787401574803,0.333333333333,0.142857142857,0.0526315789474,0.010101010101",True,False
197,Lemon Yellow / Scarlet Lake,5.333333333333334,"66,69,71,84,86","1,3,0.333333333333,9,0.111111111111",True,False
197,Lemon Yellow / Viridian Green,16.0,63,1,False,False
197,Scarlet Lake / Viridian Green,2.9999999999999996,"116,117,118,138,139","1,9,0.111111111111,3,0.333333333333",True,True
198,Lemon Yellow / Scarlet Lake,5.333333333333334,"66,69,71,84,86","1,3,0.333333333333,9,0.111111111111",True,False
198,Lemon Yellow / Viridian Green,16.0,63,1,False,False
198,Lemon Yellow / Mixed White,0.8,"2,3,4,5,6","1,0.333333333333,0.142857142857,0.0526315789474,0.010101010101",True,False
198,Scarlet Lake / Viridian Green,2.9999999999999996,"116,117,118,138,139","1,9,0.111111111111,3,0.333333333333",True,True
198,Scarlet Lake / Mixed White,0.15,"14,15,16,17,18,19","4,1,0.333333333333,0.142857142857,0.0526315789474,0.010101010101",True,False
198,Viridian Green / Mixed White,0.05,"47,48,49,50,51,52,53","9,4,1,0.333333333333,0.142857142857,0.0526315789474,0.010101010101",True,False
199,Lemon Yellow / Scarlet Lake,25.333333333333332,"66,69,71,84,86","1,3,0.333333333333,9,0.111111111111",False,False
199,Lemon Yellow / Viridian Green,75.99999999999999,63,1,False,False
199,Scarlet Lake / Viridian Green,2.9999999999999996,"116,117,118,138,139","1,9,0.111111111111,3,0.333333333333",True,True
200,Lemon Yellow / Scarlet Lake,25.333333333333332,"66,69,71,84,86","1,3,0.333333333333,9,0.111111111111",False,False
200,Lemon Yellow / Viridian Green,75.99999999999999,63,1,False,False
200,Lemon Yellow / Mixed White,0.95,"2,3,4,5,6","1,0.333333333333,0.142857142857,0.0526315789474,0.010101010101",True,False
200,Scarlet Lake / Viridian Green,2.9999999999999996,"116,117,118,138,139","1,9,0.111111111111,3,0.333333333333",True,True
200,Scarlet Lake / Mixed White,0.0375,"14,15,16,17,18,19","4,1,0.333333333333,0.142857142857,0.0526315789474,0.010101010101",True,False
200,Viridian Green / Mixed White,0.0125,"47,48,49,50,51,52,53","9,4,1,0.333333333333,0.142857142857,0.0526315789474,0.010101010101",True,False
