palette,source_row,role,below_pure_min_bands,above_pure_max_bands,opaque_RMSE_floor,largest_violation,red_600_700_violation_bands
old-holland-2-3-4,1,calibration,0,0,0.0,0.0,
old-holland-2-3-4,7,calibration,0,0,0.0,0.0,
old-holland-2-3-4,8,calibration,0,0,0.0,0.0,
old-holland-2-3-4,9,calibration,0,0,0.0,0.0,
old-holland-2-3-4,10,calibration,0,0,0.0,0.0,
old-holland-2-3-4,11,calibration,0,0,0.0,0.0,
old-holland-2-3-4,12,calibration,0,0,0.0,0.0,
old-holland-2-3-4,13,calibration,0,0,0.0,0.0,
old-holland-2-3-4,14,calibration,0,0,0.0,0.0,
old-holland-2-3-4,15,calibration,0,0,0.0,0.0,
old-holland-2-3-4,16,calibration,0,0,0.0,0.0,
old-holland-2-3-4,17,calibration,0,0,0.0,0.0,
old-holland-2-3-4,18,calibration,0,0,0.0,0.0,
old-holland-2-3-4,19,calibration,0,2,0.002084814527218966,0.010700000000000043,
old-holland-2-3-4,20,calibration,0,0,0.0,0.0,
old-holland-2-3-4,21,calibration,0,0,0.0,0.0,
old-holland-2-3-4,22,calibration,0,0,0.0,0.0,
old-holland-2-3-4,23,calibration,0,0,0.0,0.0,
old-holland-2-3-4,24,calibration,0,0,0.0,0.0,
old-holland-2-3-4,25,calibration,0,0,0.0,0.0,
old-holland-2-3-4,27,calibration,0,0,0.0,0.0,
old-holland-2-3-4,28,calibration,0,0,0.0,0.0,
old-holland-2-3-4,29,calibration,0,0,0.0,0.0,
old-holland-2-3-4,30,calibration,0,0,0.0,0.0,
old-holland-2-3-4,88,calibration,11,0,0.01366105838246189,0.026999999999999996,
old-holland-2-3-4,89,calibration,8,0,0.0015181695260007742,0.004299999999999998,
old-holland-2-3-4,92,calibration,10,0,0.004863624030460971,0.0102,
old-holland-2-3-4,93,calibration,0,0,0.0,0.0,
old-holland-2-3-4,108,calibration,27,0,0.06081145636972076,0.16520000000000007,"630,640,650,660,670,680,690,700"
old-holland-2-3-4,109,calibration,17,0,0.004851072378949468,0.008,
old-holland-2-3-4,205,selected_target,10,0,0.0023182306935219145,0.004699999999999999,
old-holland-2-3-4,206,white_addition_diagnostic,0,0,0.0,0.0,
old-holland-1-3-7,1,calibration,0,0,0.0,0.0,
old-holland-1-3-7,2,calibration,0,0,0.0,0.0,
old-holland-1-3-7,3,calibration,0,0,0.0,0.0,
old-holland-1-3-7,4,calibration,0,0,0.0,0.0,
old-holland-1-3-7,5,calibration,0,0,0.0,0.0,
old-holland-1-3-7,6,calibration,0,19,0.0033334569869537807,0.00539999999999996,"600,610,620,630,640,650,660,670,680,690,700"
old-holland-1-3-7,13,calibration,0,0,0.0,0.0,
old-holland-1-3-7,14,calibration,0,0,0.0,0.0,
old-holland-1-3-7,15,calibration,0,0,0.0,0.0,
old-holland-1-3-7,16,calibration,0,0,0.0,0.0,
old-holland-1-3-7,17,calibration,0,0,0.0,0.0,
old-holland-1-3-7,18,calibration,0,0,0.0,0.0,
old-holland-1-3-7,19,calibration,0,2,0.002084814527218966,0.010700000000000043,
old-holland-1-3-7,26,calibration,0,0,0.0,0.0,
old-holland-1-3-7,46,calibration,0,0,0.0,0.0,
old-holland-1-3-7,47,calibration,0,0,0.0,0.0,
old-holland-1-3-7,48,calibration,0,0,0.0,0.0,
old-holland-1-3-7,49,calibration,0,0,0.0,0.0,
old-holland-1-3-7,50,calibration,0,0,0.0,0.0,
old-holland-1-3-7,51,calibration,0,0,0.0,0.0,
old-holland-1-3-7,52,calibration,0,0,0.0,0.0,
old-holland-1-3-7,53,calibration,0,0,0.0,0.0,
old-holland-1-3-7,63,calibration,8,0,0.0029265745693006725,0.006100000000000001,
old-holland-1-3-7,66,calibration,13,0,0.0049782753847544044,0.011,
old-holland-1-3-7,69,calibration,7,0,0.0011256539318074397,0.0030999999999999986,
old-holland-1-3-7,71,calibration,20,0,0.009065069435529314,0.015799999999999998,"680,690,700"
old-holland-1-3-7,84,calibration,7,0,0.0005130553639244133,0.0014999999999999944,
old-holland-1-3-7,86,calibration,27,0,0.0345690519806186,0.07790000000000008,"620,630,640,650,660,670,680,690,700"
old-holland-1-3-7,116,calibration,17,0,0.007944058441132532,0.014599999999999998,
old-holland-1-3-7,117,calibration,17,0,0.013536283379936145,0.021300000000000003,
old-holland-1-3-7,118,calibration,0,2,0.00022860022860034327,0.000900000000000005,
old-holland-1-3-7,138,calibration,16,0,0.009796625488796739,0.0164,
old-holland-1-3-7,139,calibration,1,3,0.00035876130981385835,0.0017000000000000001,
old-holland-1-3-7,197,selected_target,7,0,0.0007702115335747788,0.001899999999999999,
old-holland-1-3-7,198,white_addition_diagnostic,0,0,0.0,0.0,
old-holland-1-3-7,199,selected_target,7,0,0.004881201597174415,0.010400000000000003,
old-holland-1-3-7,200,white_addition_diagnostic,0,0,0.0,0.0,
