source_row,lo_nm,hi_nm,km_MSE_contribution,correction_MSE_change_contribution,mean_needed_reflectance_change,mean_actual_reflectance_change
205,400,490,9.576246514505622e-05,-8.707741237365271e-05,-0.017180383958237077,-0.012349679836731964
205,500,590,8.287760638096688e-05,2.963384992167376e-05,-0.0013499263489535917,-0.008192630330261779
205,600,700,0.0011828054243851608,0.005594829944852619,0.05401916155878106,-0.08343125660668774
206,400,490,1.7400243651198795e-05,-1.2167316031271655e-05,-0.005131179739245237,-0.00200780141720948
206,500,590,0.0005469312126139936,-0.0001407022307912478,0.03062961274211118,0.008576543458454332
206,600,700,0.0006471668570611302,0.0005046307757938048,0.027303640640152248,-0.027260041985770388
197,400,490,4.516858172861991e-06,1.6032962720701774e-05,-0.0014924559386981402,-0.007717565803606494
197,500,590,0.0002547549188718101,9.932197724488643e-05,0.02766210770092949,-0.005280648607602923
197,600,700,0.004572277371766721,5.484606983360924e-05,0.105709717516268,-0.0003553009283471419
198,400,490,8.743154914787062e-05,-3.4851124897639135e-05,-0.012471794981531944,-0.003202787887341982
198,500,590,0.00051417784288931,-0.00010939323101726254,0.03687876472204134,0.005271458140031706
198,600,700,0.0005073339463910217,0.0002825956650471029,0.03694078552860888,-0.007591619048090429
199,400,490,3.224632131638886e-05,-8.784512924917967e-06,-0.008600218119426687,-0.002523872379098802
199,500,590,0.0012928553120077591,0.00010198174471744313,0.061521721700789754,-0.0024214997354903263
199,600,700,0.009565068068308123,-2.831841396022054e-05,0.15446230274480627,0.00040178116857027897
200,400,490,1.5563027931648422e-05,-6.035126836593565e-06,-0.004910335704814547,-0.0006910392444994751
200,500,590,0.0006496948768971057,-0.00011865867922990272,0.03916135172814163,0.0046728621519117495
200,600,700,0.0001845253783151546,0.00010348450972265346,0.02160131730563507,-0.005484467243541347
