backend,repeat,width,height,strokes,pixel_visits,stroke_encode_seconds,paint_seconds,layer_blur_seconds,lighting_seconds
mixbox,0,600,750,13988,18882338,5.594534599978942,6.221957400033716,0.06474330002674833,0.14529790001688525
mixbox,1,600,750,13988,18882338,5.594534599978942,4.29901980003342,0.05117409990634769,0.12728020001668483
mixbox,2,600,750,13988,18882338,5.594534599978942,4.546360600099433,0.06985199981136248,0.11394239997025579
mixbox-material,0,600,750,13988,18882334,8.809630700037815,15.41072570020333,0.07596489979187027,0.11833720002323389
mixbox-material,1,600,750,13988,18882334,8.809630700037815,14.77347089984687,0.08076319994870573,0.14251550001790747
mixbox-material,2,600,750,13988,18882334,8.809630700037815,14.237262000038754,0.07354380004107952,0.13233789999503642
ochrell,0,600,750,13988,18882334,1.6428092999849468,17.347530199971516,0.07151690009050071,0.11691709997830912
ochrell,1,600,750,13988,18882334,1.6428092999849468,18.033317699970212,0.06791659991722554,0.10927760001504794
ochrell,2,600,750,13988,18882334,1.6428092999849468,18.878399899986107,0.07110369991278276,0.16653909999877214
