wavelength_nm,white_tints21_largest_singular_value,white_tints21_smallest_singular_value,white_tints21_condition_number,with_pairs29_largest_singular_value,with_pairs29_smallest_singular_value,with_pairs29_condition_number
400,0.13951732112505513,0.08550307976270469,1.6317227579667926,0.13968188213691693,0.08574075932541807,1.6291187905949402
410,0.1966340589266237,0.1354923137169097,1.4512561896127942,0.1967326152208383,0.13568095703640937,1.4499648257053934
420,0.22333243734740507,0.1536898864496564,1.4531368491872836,0.2234861296760015,0.15386715213919294,1.4524615980013011
430,0.23412980711889883,0.1567723577490415,1.4934380682957502,0.23425676178916696,0.15692799197084958,1.492765942182461
440,0.2403569827920387,0.15975543025235053,1.504530909605824,0.24046040754100767,0.1598915465740461,1.5038969394773471
450,0.24451806788505906,0.1656883350489449,1.4757711688805828,0.24460021267858065,0.1658052131214386,1.475226309678401
460,0.2479960285727358,0.17337241554967994,1.4304237948491434,0.24805409594680033,0.17348111367481628,1.4298622523934696
470,0.2509490978167952,0.18679615624395657,1.3434382316146518,0.25103956406896505,0.18691218016303443,1.34308830944027
480,0.25268766299290407,0.20057218265878948,1.2598340390141374,0.25445021603233825,0.2006430457555801,1.2681736118694347
490,0.2520825618695509,0.19720967369823522,1.2782464325521914,0.2610617697822769,0.20259034789000985,1.2886189914833075
500,0.24876774859357598,0.14339673618360654,1.7348215532259492,0.26341242314496344,0.16838291940803396,1.5643654598163201
510,0.24930953631133304,0.09550044233172522,2.6105589694060765,0.26562261245889573,0.14275612189299344,1.8606740568225864
520,0.2731543021160832,0.06607725031757765,4.1338630285500795,0.2821536772273681,0.11636729843592182,2.424681856670732
530,0.2845330255409826,0.05174613865224767,5.498632998553671,0.2882549134848985,0.09555104248217386,3.0167636688911665
540,0.28678131454055783,0.04389111848075255,6.5339258708187,0.2885113446750149,0.08527558899846362,3.3832817581619157
550,0.2864406254273636,0.03867879670748511,7.405624006186617,0.28762468006049585,0.0903940607726076,3.181897987568401
560,0.2852193176815798,0.03420701664517536,8.338035457465358,0.3016500244070838,0.11184312095715185,2.69708160703642
570,0.28328514863497506,0.03034295029222505,9.336110889242134,0.3375776936163674,0.139337880140187,2.422727353658119
580,0.2796236201078442,0.026965306321138718,10.369755002139208,0.3636206192504499,0.15317039372983324,2.3739615104196665
590,0.27853614706451596,0.024158247043814838,11.529650580993986,0.35612337319205484,0.14637445437161895,2.4329612343962723
600,0.27887138061477845,0.021819056671545538,12.78109245568153,0.31248820755225365,0.1260062625345628,2.479941879607293
610,0.2792590370185497,0.019767554807617334,14.127141153084779,0.2847609996586845,0.10383007324619169,2.7425676468848015
620,0.27877013678406715,0.017868750336615672,15.600986724450816,0.2852214887904627,0.08695171233599584,3.2802285444169237
630,0.27962140126502544,0.01615403579059142,17.309693063072515,0.28782651428856215,0.07659242689727593,3.7578978229086375
640,0.2842518761551622,0.014484173546580527,19.62499794972902,0.29688325243600133,0.07134408347437793,4.1612876356120285
650,0.2913006373801014,0.013138823545493141,22.170983297817628,0.314235208135665,0.06975917499090305,4.504571738078079
660,0.2923617596724477,0.011870610475128558,24.629041639013217,0.330551985310719,0.07063562384071265,4.679678147334446
670,0.27918501928638667,0.010878692645897694,25.663471556176937,0.3276355711544298,0.07572949567976939,4.326393147260261
680,0.24937568058537637,0.010078830132899693,24.742522425430604,0.3005422923722405,0.08284053605146027,3.6279617044672987
690,0.2093940426696328,0.009354629188274106,22.384002450049568,0.25750914919777307,0.08173933826500815,3.1503698789791934
700,0.1701227794683572,0.008783344352337723,19.368793097936358,0.20873654016258344,0.07183282797240832,2.9058655499789197
