workload,mode,repetition,output_sha256
fixture,cold,1,a36eeab8454da02b4b25e34d836e37057a8881a814f4fe292922e06cfe8925e2
fixture,warm,1,a36eeab8454da02b4b25e34d836e37057a8881a814f4fe292922e06cfe8925e2
fixture,disabled,1,a36eeab8454da02b4b25e34d836e37057a8881a814f4fe292922e06cfe8925e2
fixture,warm,2,a36eeab8454da02b4b25e34d836e37057a8881a814f4fe292922e06cfe8925e2
fixture,disabled,2,a36eeab8454da02b4b25e34d836e37057a8881a814f4fe292922e06cfe8925e2
fixture,cold,2,a36eeab8454da02b4b25e34d836e37057a8881a814f4fe292922e06cfe8925e2
fixture,disabled,3,a36eeab8454da02b4b25e34d836e37057a8881a814f4fe292922e06cfe8925e2
fixture,cold,3,a36eeab8454da02b4b25e34d836e37057a8881a814f4fe292922e06cfe8925e2
fixture,warm,3,a36eeab8454da02b4b25e34d836e37057a8881a814f4fe292922e06cfe8925e2
fixture,cold,4,a36eeab8454da02b4b25e34d836e37057a8881a814f4fe292922e06cfe8925e2
fixture,warm,4,a36eeab8454da02b4b25e34d836e37057a8881a814f4fe292922e06cfe8925e2
fixture,disabled,4,a36eeab8454da02b4b25e34d836e37057a8881a814f4fe292922e06cfe8925e2
fixture,warm,5,a36eeab8454da02b4b25e34d836e37057a8881a814f4fe292922e06cfe8925e2
fixture,disabled,5,a36eeab8454da02b4b25e34d836e37057a8881a814f4fe292922e06cfe8925e2
fixture,cold,5,a36eeab8454da02b4b25e34d836e37057a8881a814f4fe292922e06cfe8925e2
fixture,disabled,6,a36eeab8454da02b4b25e34d836e37057a8881a814f4fe292922e06cfe8925e2
fixture,cold,6,a36eeab8454da02b4b25e34d836e37057a8881a814f4fe292922e06cfe8925e2
fixture,warm,6,a36eeab8454da02b4b25e34d836e37057a8881a814f4fe292922e06cfe8925e2
fixture,cold,7,a36eeab8454da02b4b25e34d836e37057a8881a814f4fe292922e06cfe8925e2
fixture,warm,7,a36eeab8454da02b4b25e34d836e37057a8881a814f4fe292922e06cfe8925e2
fixture,disabled,7,a36eeab8454da02b4b25e34d836e37057a8881a814f4fe292922e06cfe8925e2
repeated64,cold,1,fe97f248d3b21bef80d8d463357a858168ffa1a3cf25c7fe064d49f82111fe52
repeated64,warm,1,fe97f248d3b21bef80d8d463357a858168ffa1a3cf25c7fe064d49f82111fe52
repeated64,disabled,1,fe97f248d3b21bef80d8d463357a858168ffa1a3cf25c7fe064d49f82111fe52
repeated64,warm,2,fe97f248d3b21bef80d8d463357a858168ffa1a3cf25c7fe064d49f82111fe52
repeated64,disabled,2,fe97f248d3b21bef80d8d463357a858168ffa1a3cf25c7fe064d49f82111fe52
repeated64,cold,2,fe97f248d3b21bef80d8d463357a858168ffa1a3cf25c7fe064d49f82111fe52
repeated64,disabled,3,fe97f248d3b21bef80d8d463357a858168ffa1a3cf25c7fe064d49f82111fe52
repeated64,cold,3,fe97f248d3b21bef80d8d463357a858168ffa1a3cf25c7fe064d49f82111fe52
repeated64,warm,3,fe97f248d3b21bef80d8d463357a858168ffa1a3cf25c7fe064d49f82111fe52
repeated64,cold,4,fe97f248d3b21bef80d8d463357a858168ffa1a3cf25c7fe064d49f82111fe52
repeated64,warm,4,fe97f248d3b21bef80d8d463357a858168ffa1a3cf25c7fe064d49f82111fe52
repeated64,disabled,4,fe97f248d3b21bef80d8d463357a858168ffa1a3cf25c7fe064d49f82111fe52
repeated64,warm,5,fe97f248d3b21bef80d8d463357a858168ffa1a3cf25c7fe064d49f82111fe52
repeated64,disabled,5,fe97f248d3b21bef80d8d463357a858168ffa1a3cf25c7fe064d49f82111fe52
repeated64,cold,5,fe97f248d3b21bef80d8d463357a858168ffa1a3cf25c7fe064d49f82111fe52
repeated64,disabled,6,fe97f248d3b21bef80d8d463357a858168ffa1a3cf25c7fe064d49f82111fe52
repeated64,cold,6,fe97f248d3b21bef80d8d463357a858168ffa1a3cf25c7fe064d49f82111fe52
repeated64,warm,6,fe97f248d3b21bef80d8d463357a858168ffa1a3cf25c7fe064d49f82111fe52
repeated64,cold,7,fe97f248d3b21bef80d8d463357a858168ffa1a3cf25c7fe064d49f82111fe52
repeated64,warm,7,fe97f248d3b21bef80d8d463357a858168ffa1a3cf25c7fe064d49f82111fe52
repeated64,disabled,7,fe97f248d3b21bef80d8d463357a858168ffa1a3cf25c7fe064d49f82111fe52
unique64,cold,1,3b75c30518a307719af907e9d95441b062b00cbd73c56668f8f88c316be8771c
unique64,warm,1,3b75c30518a307719af907e9d95441b062b00cbd73c56668f8f88c316be8771c
unique64,disabled,1,3b75c30518a307719af907e9d95441b062b00cbd73c56668f8f88c316be8771c
unique64,warm,2,3b75c30518a307719af907e9d95441b062b00cbd73c56668f8f88c316be8771c
unique64,disabled,2,3b75c30518a307719af907e9d95441b062b00cbd73c56668f8f88c316be8771c
unique64,cold,2,3b75c30518a307719af907e9d95441b062b00cbd73c56668f8f88c316be8771c
unique64,disabled,3,3b75c30518a307719af907e9d95441b062b00cbd73c56668f8f88c316be8771c
unique64,cold,3,3b75c30518a307719af907e9d95441b062b00cbd73c56668f8f88c316be8771c
unique64,warm,3,3b75c30518a307719af907e9d95441b062b00cbd73c56668f8f88c316be8771c
unique64,cold,4,3b75c30518a307719af907e9d95441b062b00cbd73c56668f8f88c316be8771c
unique64,warm,4,3b75c30518a307719af907e9d95441b062b00cbd73c56668f8f88c316be8771c
unique64,disabled,4,3b75c30518a307719af907e9d95441b062b00cbd73c56668f8f88c316be8771c
unique64,warm,5,3b75c30518a307719af907e9d95441b062b00cbd73c56668f8f88c316be8771c
unique64,disabled,5,3b75c30518a307719af907e9d95441b062b00cbd73c56668f8f88c316be8771c
unique64,cold,5,3b75c30518a307719af907e9d95441b062b00cbd73c56668f8f88c316be8771c
unique64,disabled,6,3b75c30518a307719af907e9d95441b062b00cbd73c56668f8f88c316be8771c
unique64,cold,6,3b75c30518a307719af907e9d95441b062b00cbd73c56668f8f88c316be8771c
unique64,warm,6,3b75c30518a307719af907e9d95441b062b00cbd73c56668f8f88c316be8771c
unique64,cold,7,3b75c30518a307719af907e9d95441b062b00cbd73c56668f8f88c316be8771c
unique64,warm,7,3b75c30518a307719af907e9d95441b062b00cbd73c56668f8f88c316be8771c
unique64,disabled,7,3b75c30518a307719af907e9d95441b062b00cbd73c56668f8f88c316be8771c
