r_bits,g_bits,b_bits,count,roles
0,1040483461,1057326470,3,main;main;main
1033937057,1049398413,1065353216,6,main;main;main;main;main;main
1038326655,1043318509,1054605735,3,streak-dark;streak-dark;streak-dark
1042683579,1053399943,1057248834,1,streak-dark
1043743185,1050745760,1059570251,6,streak-dark;streak-dark;streak-dark;streak-dark;streak-dark;streak-dark
1044167869,1055582955,1058050193,1,main
1044477026,1048981056,1057168034,3,streak-light;streak-light;streak-light
1045231083,1051778804,1058175199,1,streak-dark
1045746901,1043904697,1052556477,1,secondary
1046389040,1055600062,1058175199,1,streak-dark
1047062761,1053740751,1059102881,1,main
1047372309,1047531111,1053224364,6,streak-dark;streak-dark;streak-dark;streak-dark;streak-dark;streak-dark
1048378621,1057523849,1059102881,1,main
1048640477,1056758018,1058175199,1,streak-dark
1048668111,1057630763,1058997613,1,streak-light
1049330365,1054979187,1061899384,6,streak-light;streak-light;streak-light;streak-light;streak-light;streak-light
1049793171,1058181779,1059102881,1,main
1049798434,1057440292,1058175199,1,streak-dark
1049924757,1048872069,1054925025,6,main;main;main;main;main;main
1050260301,1056270492,1060155569,1,streak-light
1050609004,1056410632,1060027930,1,streak-dark
1050956392,1058019270,1058175199,1,streak-dark
1050984024,1059005837,1060155569,1,streak-light
1051109031,1058839709,1059102881,1,main
1051598568,1051613933,1055644746,6,streak-light;streak-light;streak-light;streak-light;streak-light;streak-light
1052030133,1057984400,1061208257,1,main
1052114348,1058598249,1058175199,1,streak-dark
1052424891,1059497639,1059102881,1,main
1052431471,1059729560,1060155569,1,streak-light
1053040712,1057671883,1059738441,1,streak-dark
1053272305,1059177227,1058175198,1,streak-dark
1053740751,1060155569,1059102881,1,main
1053878917,1060453283,1060155569,1,streak-light
1054793439,1059102881,1060879292,1,main
1054892129,1059512443,1062471483,1,streak-light
1055056611,1060813499,1059102881,1,main
1055326364,1061177006,1060155569,1,streak-light
1055685209,1055640662,1059102669,1,streak-dark
1056514585,1054326308,1057827812,8,streak-dark;streak-dark;streak-dark;streak-dark;streak-dark;streak-dark;streak-dark;streak-dark
1056773809,1061900729,1060155569,1,streak-light
1057448186,1060742772,1062109621,1,streak-light
1057592931,1062624452,1060155568,1,streak-light
1057655435,1057392263,1060681913,1,main
1057852814,1056635643,1058708123,8,main;main;main;main;main;main;main;main
1058360735,1046644318,1051048502,4,streak-dark;streak-dark;streak-dark;streak-dark
1058360735,1056063243,1056375104,1,streak-dark
1059100997,1059031212,1061314907,1,streak-light
1059619357,1058209741,1059721336,8,streak-light;streak-light;streak-light;streak-light;streak-light;streak-light;streak-light;streak-light
1059695018,1049003655,1051766961,4,main;main;main;main
1059695018,1057787021,1057392263,1,main
1060155568,1049115503,1047731217,1,streak-dark
1060213466,1053747331,1051280093,1,streak-dark
1061081934,1060393083,1060259521,1,streak-dark
1061139832,1056410632,1057827812,1,streak-dark
1061280732,1060717972,1061209461,4,streak-dark;streak-dark;streak-dark;streak-dark
1061429321,1060856264,1061185887,1,streak-dark
1061545117,1057671882,1053827598,6,streak-dark;streak-dark;streak-dark;streak-dark;streak-dark;streak-dark
1061545117,1060682571,1060491112,1,streak-dark
1061645780,1051059687,1052924918,4,streak-light;streak-light;streak-light;streak-light
1061645780,1059295325,1058273890,1,streak-light
1061658190,1049449004,1042739302,3,streak-dark;streak-dark;streak-dark
1061660913,1060798367,1060722705,1,streak-dark
1061734601,1050714273,1048378621,1,main
1061777977,1061134272,1061295978,1,streak-dark
1061800394,1055977713,1052030133,1,main
1061892504,1061261549,1060954296,1,streak-dark
1062008301,1056977112,1049427374,1,streak-dark
1062471482,1060624673,1058638381,5,streak-dark;streak-dark;streak-dark;streak-dark;streak-dark
1062677567,1061831543,1061385039,6,streak-dark;streak-dark;streak-dark;streak-dark;streak-dark;streak-dark
1062787289,1062195152,1061471429,1,main
1062801148,1062193250,1059937081,6,streak-dark;streak-dark;streak-dark;streak-dark;streak-dark;streak-dark
1062832002,1062145224,1061421695,3,streak-dark;streak-dark;streak-dark
1062853082,1057984400,1058708123,1,main
1062869636,1061652567,1048004617,6,streak-dark;streak-dark;streak-dark;streak-dark;streak-dark;streak-dark
1063050461,1062655703,1063971563,4,main;main;main;main
1063182047,1062721496,1062524117,1,main
1063313633,1059102881,1054925025,6,main;main;main;main;main;main
1063313633,1062524117,1061734601,1,main
1063328440,1060914215,1053833043,6,streak-dark;streak-dark;streak-dark;streak-dark;streak-dark;streak-dark
1063445219,1062655703,1061997773,1,main
1063576805,1063050461,1062787289,1,main
1063708391,1063182047,1062260945,1,main
1063839977,1058313365,1049924757,1,main
1063889321,1052941366,1049306303,1,streak-light
1063905770,1063379426,1062655703,1,ground
1063961694,1057847880,1053214407,1,streak-light
1064366321,1062458324,1059629225,5,main;main;main;main;main
1064563700,1063905770,1063313633,6,main;main;main;main;main;main
1064761079,1062260945,1058708123,1,secondary
1065024251,1064826872,1064366321,3,main;main;main
1065047279,1064144272,1062760972,1,streak-light
1065119652,1059512443,1059721336,1,streak-light
1065287423,1064103149,0,6,main;main;main;main;main;main
1065295776,1064550383,1063948397,4,streak-light;streak-light;streak-light;streak-light
1065353216,1042062493,1006665857,3,main;main;main
1065353216,1053358242,1043796711,3,streak-light;streak-light;streak-light
1065353216,1059874308,1050898509,1,streak-light
1065353216,1060742771,1056398789,6,streak-light;streak-light;streak-light;streak-light;streak-light;streak-light
1065353216,1062787289,1054925025,6,main;main;main;main;main;main
1065353216,1064433760,1060734547,5,streak-light;streak-light;streak-light;streak-light;streak-light
1065353216,1064497907,1061208257,6,main;main;main;main;main;main
1065353216,1064506132,1063050460,1,streak-light
1065353216,1064650877,1063339952,1,streak-light
1065353216,1064723249,1063918929,1,streak-light
1065353216,1064795687,1056405594,6,streak-light;streak-light;streak-light;streak-light;streak-light;streak-light
1065353216,1065070759,1064056543,1,streak-light
1065353216,1065229855,1063629440,1,streak-light
1065353216,1065353216,1049477177,6,streak-light;streak-light;streak-light;streak-light;streak-light;streak-light
1065353216,1065353216,1062357921,6,streak-light;streak-light;streak-light;streak-light;streak-light;streak-light
1065353216,1065353216,1064167869,6,streak-light;streak-light;streak-light;streak-light;streak-light;streak-light
1065353216,1065353216,1064213689,3,streak-light;streak-light;streak-light
