nm,xbar,ybar,zbar,D65
380,0.001368,3.9e-05,0.006450001,49.9755
381,0.00150205,4.28264e-05,0.007083216,50.44276
382,0.001642328,4.69146e-05,0.007745488,50.91002
383,0.001802382,5.15896e-05,0.008501152,51.37728
384,0.001995757,5.71764e-05,0.009414544,51.84454
385,0.002236,6.4e-05,0.01054999,52.3118
386,0.002535385,7.234421e-05,0.0119658,52.77908
387,0.002892603,8.221224e-05,0.01365587,53.24636
388,0.003300829,9.350816e-05,0.01558805,53.71364
389,0.003753236,0.0001061361,0.01773015,54.18092
390,0.004243,0.00012,0.02005001,54.6482
391,0.004762389,0.000134984,0.02251136,57.45886
392,0.005330048,0.000151492,0.02520288,60.26952
393,0.005978712,0.000170208,0.02827972,63.08018
394,0.006741117,0.000191816,0.03189704,65.89084
395,0.00765,0.000217,0.03621,68.7015
396,0.008751373,0.0002469067,0.04143771,71.51218
397,0.01002888,0.00028124,0.04750372,74.32286
398,0.0114217,0.00031852,0.05411988,77.13354
399,0.01286901,0.0003572667,0.06099803,79.94422
400,0.01431,0.000396,0.06785001,82.7549
401,0.01570443,0.0004337147,0.07448632,83.628
402,0.01714744,0.000473024,0.08136156,84.5011
403,0.01878122,0.000517876,0.08915364,85.3742
404,0.02074801,0.0005722187,0.09854048,86.2473
405,0.02319,0.00064,0.1102,87.1204
406,0.02620736,0.00072456,0.1246133,87.99352
407,0.02978248,0.0008255,0.1417017,88.86664
408,0.03388092,0.00094116,0.1613035,89.73976
409,0.03846824,0.00106988,0.1832568,90.61288
410,0.04351,0.00121,0.2074,91.486
411,0.0489956,0.001362091,0.2336921,91.68058
412,0.0550226,0.001530752,0.2626114,91.87516
413,0.0617188,0.001720368,0.2947746,92.06974
414,0.069212,0.001935323,0.3307985,92.26432
415,0.07763,0.00218,0.3713,92.4589
416,0.08695811,0.0024548,0.4162091,92.65348
417,0.09717672,0.002764,0.4654642,92.84806
418,0.1084063,0.0031178,0.5196948,93.04264
419,0.1207672,0.0035264,0.5795303,93.23722
420,0.13438,0.004,0.6456,93.4318
421,0.1493582,0.00454624,0.7184838,92.75684
422,0.1653957,0.00515932,0.7967133,92.08188
423,0.1819831,0.00582928,0.8778459,91.40692
424,0.198611,0.00654616,0.959439,90.73196
425,0.21477,0.0073,1.0390501,90.057
426,0.2301868,0.008086507,1.1153673,89.38206
427,0.2448797,0.00890872,1.1884971,88.70712
428,0.2587773,0.00976768,1.2581233,88.03218
429,0.2718079,0.01066443,1.3239296,87.35724
430,0.2839,0.0116,1.3856,86.6823
431,0.2949438,0.01257317,1.4426352,88.50056
432,0.3048965,0.01358272,1.4948035,90.31882
433,0.3137873,0.01462968,1.5421903,92.13708
434,0.3216454,0.01571509,1.5848807,93.95534
435,0.3285,0.01684,1.62296,95.7736
436,0.3343513,0.01800736,1.6564048,97.59188
437,0.3392101,0.01921448,1.6852959,99.41016
438,0.3431213,0.02045392,1.7098745,101.22844
439,0.3461296,0.02171824,1.7303821,103.04672
440,0.34828,0.023,1.74706,104.865
441,0.3495999,0.02429461,1.7600446,106.0792
442,0.3501474,0.02561024,1.7696233,107.2934
443,0.350013,0.02695857,1.7762637,108.5076
444,0.349287,0.02835125,1.7804334,109.7218
445,0.34806,0.0298,1.7826,110.936
446,0.3463733,0.03131083,1.7829682,112.1504
447,0.3442624,0.03288368,1.7816998,113.3648
448,0.3418088,0.03452112,1.7791982,114.5792
449,0.3390941,0.03622571,1.7758671,115.7936
450,0.3362,0.038,1.77211,117.008
451,0.3331977,0.03984667,1.7682589,117.0884
452,0.3300411,0.041768,1.764039,117.1688
453,0.3266357,0.043766,1.7589438,117.2492
454,0.3228868,0.04584267,1.7524663,117.3296
455,0.3187,0.048,1.7441,117.41
456,0.3140251,0.05024368,1.7335595,117.4904
457,0.308884,0.05257304,1.7208581,117.5708
458,0.3032904,0.05498056,1.7059369,117.6512
459,0.2972579,0.05745872,1.6887372,117.7316
460,0.2908,0.06,1.6692,117.812
461,0.2839701,0.06260197,1.6475287,117.5168
462,0.2767214,0.06527752,1.6234127,117.2216
463,0.2689178,0.06804208,1.5960223,116.9264
464,0.2604227,0.07091109,1.564528,116.6312
465,0.2511,0.0739,1.5281,116.336
466,0.2408475,0.077016,1.4861114,116.041
467,0.2298512,0.0802664,1.4395215,115.746
468,0.2184072,0.0836668,1.3898799,115.451
469,0.2068115,0.0872328,1.3387362,115.156
470,0.19536,0.09098,1.28764,114.861
471,0.1842136,0.09491755,1.2374223,114.9672
472,0.1733273,0.09904584,1.1878243,115.0734
473,0.1626881,0.1033674,1.1387611,115.1796
474,0.1522833,0.1078846,1.090148,115.2858
475,0.1421,0.1126,1.0419,115.392
476,0.1321786,0.117532,0.9941976,115.4982
477,0.1225696,0.1226744,0.9473473,115.6044
478,0.1132752,0.1279928,0.9014531,115.7106
479,0.1042979,0.1334528,0.8566193,115.8168
480,0.09564,0.13902,0.8129501,115.923
481,0.08729955,0.1446764,0.7705173,115.2118
482,0.07930804,0.1504693,0.7294448,114.5006
483,0.07171776,0.1564619,0.6899136,113.7894
484,0.06458099,0.1627177,0.6521049,113.0782
485,0.05795001,0.1693,0.6162,112.367
486,0.05186211,0.1762431,0.5823286,111.6558
487,0.04628152,0.1835581,0.5504162,110.9446
488,0.04115088,0.1912735,0.5203376,110.2334
489,0.03641283,0.199418,0.4919673,109.5222
490,0.03201,0.20802,0.46518,108.811
491,0.0279172,0.2171199,0.4399246,108.8652
492,0.0241444,0.2267345,0.4161836,108.9194
493,0.020687,0.2368571,0.3938822,108.9736
494,0.0175404,0.2474812,0.3729459,109.0278
495,0.0147,0.2586,0.3533,109.082
496,0.01216179,0.2701849,0.3348578,109.1364
497,0.00991996,0.2822939,0.3175521,109.1908
498,0.00796724,0.2950505,0.3013375,109.2452
499,0.006296346,0.308578,0.2861686,109.2996
500,0.0049,0.323,0.272,109.354
501,0.003777173,0.3384021,0.2588171,109.1988
502,0.00294532,0.3546858,0.2464838,109.0436
503,0.00242488,0.3716986,0.2347718,108.8884
504,0.002236293,0.3892875,0.2234533,108.7332
505,0.0024,0.4073,0.2123,108.578
506,0.00292552,0.4256299,0.2011692,108.4228
507,0.00383656,0.4443096,0.1901196,108.2676
508,0.00517484,0.4633944,0.1792254,108.1124
509,0.00698208,0.4829395,0.1685608,107.9572
510,0.0093,0.503,0.1582,107.802
511,0.01214949,0.5235693,0.1481383,107.5008
512,0.01553588,0.544512,0.1383758,107.1996
513,0.01947752,0.56569,0.1289942,106.8984
514,0.02399277,0.5869653,0.1200751,106.5972
515,0.0291,0.6082,0.1117,106.296
516,0.03481485,0.6293456,0.1039048,105.9948
517,0.04112016,0.6503068,0.09666748,105.6936
518,0.04798504,0.6708752,0.08998272,105.3924
519,0.05537861,0.6908424,0.08384531,105.0912
520,0.06327,0.71,0.07824999,104.79
521,0.07163501,0.7281852,0.07320899,105.0798
522,0.08046224,0.7454636,0.06867816,105.3696
523,0.08973996,0.7619694,0.06456784,105.6594
524,0.09945645,0.7778368,0.06078835,105.9492
525,0.1096,0.7932,0.05725001,106.239
526,0.1201674,0.8081104,0.05390435,106.529
527,0.1311145,0.8224962,0.05074664,106.819
528,0.1423679,0.8363068,0.04775276,107.109
529,0.1538542,0.8494916,0.04489859,107.399
530,0.1655,0.862,0.04216,107.689
531,0.1772571,0.8738108,0.03950728,107.3606
532,0.18914,0.8849624,0.03693564,107.0322
533,0.2011694,0.8954936,0.03445836,106.7038
534,0.2133658,0.9054432,0.03208872,106.3754
535,0.2257499,0.9148501,0.02984,106.047
536,0.2383209,0.9237348,0.02771181,105.7186
537,0.2510668,0.9320924,0.02569444,105.3902
538,0.2639922,0.9399226,0.02378716,105.0618
539,0.2771017,0.9472252,0.02198925,104.7334
540,0.2904,0.954,0.0203,104.405
541,0.3038912,0.9602561,0.01871805,104.369
542,0.3175726,0.9660074,0.01724036,104.333
543,0.3314384,0.9712606,0.01586364,104.297
544,0.3454828,0.9760225,0.01458461,104.261
545,0.3597,0.9803,0.0134,104.225
546,0.3740839,0.9840924,0.01230723,104.1892
547,0.3886396,0.9874182,0.01130188,104.1534
548,0.4033784,0.9903128,0.01037792,104.1176
549,0.4183115,0.9928116,0.009529306,104.0818
550,0.4334499,0.9949501,0.008749999,104.046
551,0.4487953,0.9967108,0.0080352,103.6414
552,0.464336,0.9980983,0.0073816,103.2368
553,0.480064,0.999112,0.0067854,102.8322
554,0.4959713,0.9997482,0.0062428,102.4276
555,0.5120501,1,0.005749999,102.023
556,0.5282959,0.9998567,0.0053036,101.6184
557,0.5446916,0.9993046,0.0048998,101.2138
558,0.5612094,0.9983255,0.0045342,100.8092
559,0.5778215,0.9968987,0.0042024,100.4046
560,0.5945,0.995,0.0039,100
561,0.6112209,0.9926005,0.0036232,99.63342
562,0.6279758,0.9897426,0.0033706,99.26684
563,0.6447602,0.9864444,0.0031414,98.90026
564,0.6615697,0.9827241,0.0029348,98.53368
565,0.6784,0.9786,0.002749999,98.1671
566,0.6952392,0.9740837,0.0025852,97.80052
567,0.7120586,0.9691712,0.0024386,97.43394
568,0.7288284,0.9638568,0.0023094,97.06736
569,0.7455188,0.9581349,0.0021968,96.70078
570,0.7621,0.952,0.0021,96.3342
571,0.7785432,0.9454504,0.002017733,96.27958
572,0.7948256,0.9384992,0.0019482,96.22496
573,0.8109264,0.9311628,0.0018898,96.17034
574,0.8268248,0.9234576,0.001840933,96.11572
575,0.8425,0.9154,0.0018,96.0611
576,0.8579325,0.9070064,0.001766267,96.00648
577,0.8730816,0.8982772,0.0017378,95.95186
578,0.8878944,0.8892048,0.0017112,95.89724
579,0.9023181,0.8797816,0.001683067,95.84262
580,0.9163,0.87,0.001650001,95.788
581,0.9297995,0.8598613,0.001610133,95.07776
582,0.9427984,0.849392,0.0015644,94.36752
583,0.9552776,0.838622,0.0015136,93.65728
584,0.9672179,0.8275813,0.001458533,92.94704
585,0.9786,0.8163,0.0014,92.2368
586,0.9893856,0.8047947,0.001336667,91.52656
587,0.9995488,0.793082,0.00127,90.81632
588,1.0090892,0.781192,0.001205,90.10608
589,1.0180064,0.7691547,0.001146667,89.39584
590,1.0263,0.757,0.0011,88.6856
591,1.0339827,0.7447541,0.0010688,88.81766
592,1.040986,0.7324224,0.0010494,88.94972
593,1.047188,0.7200036,0.0010356,89.08178
594,1.0524667,0.7074965,0.0010212,89.21384
595,1.0567,0.6949,0.001,89.3459
596,1.0597944,0.6822192,0.00096864,89.47796
597,1.0617992,0.6694716,0.00092992,89.61002
598,1.0628068,0.6566744,0.00088688,89.74208
599,1.0629096,0.6438448,0.00084256,89.87414
600,1.0622,0.631,0.0008,90.0062
601,1.0607352,0.6181555,0.00076096,89.96548
602,1.0584436,0.6053144,0.00072368,89.92476
603,1.0552244,0.5924756,0.00068592,89.88404
604,1.0509768,0.5796379,0.00064544,89.84332
605,1.0456,0.5668,0.0006,89.8026
606,1.0390369,0.5539611,0.0005478667,89.7619
607,1.0313608,0.5411372,0.0004916,89.7212
608,1.0226662,0.5283528,0.0004354,89.6805
609,1.0130477,0.5156323,0.0003834667,89.6398
610,1.0026,0.503,0.00034,89.5991
611,0.9913675,0.4904688,0.0003072533,89.40906
612,0.9793314,0.4780304,0.00028316,89.21902
613,0.9664916,0.4656776,0.00026544,89.02898
614,0.9528479,0.4534032,0.0002518133,88.83894
615,0.9384,0.4412,0.00024,88.6489
616,0.923194,0.42908,0.0002295467,88.45886
617,0.907244,0.417036,0.00022064,88.26882
618,0.890502,0.405032,0.00021196,88.07878
619,0.87292,0.393032,0.0002021867,87.88874
620,0.8544499,0.381,0.00019,87.6987
621,0.835084,0.3689184,0.0001742133,87.25768
622,0.814946,0.3568272,0.00015564,86.81666
623,0.794186,0.3447768,0.00013596,86.37564
624,0.772954,0.3328176,0.0001168533,85.93462
625,0.7514,0.321,0.0001,85.4936
626,0.7295836,0.3093381,8.613333e-05,85.0526
627,0.7075888,0.2978504,7.46e-05,84.6116
628,0.6856022,0.2865936,6.5e-05,84.1706
629,0.6638104,0.2756245,5.693333e-05,83.7296
630,0.6424,0.265,4.999999e-05,83.2886
631,0.6215149,0.2547632,4.416e-05,83.32966
632,0.6011138,0.2448896,3.948e-05,83.37072
633,0.5811052,0.2353344,3.572e-05,83.41178
634,0.5613977,0.2260528,3.264e-05,83.45284
635,0.5419,0.217,3e-05,83.4939
636,0.5225995,0.2081616,2.765333e-05,83.53496
637,0.5035464,0.1995488,2.556e-05,83.57602
638,0.4847436,0.1911552,2.364e-05,83.61708
639,0.4661939,0.1829744,2.181333e-05,83.65814
640,0.4479,0.175,2e-05,83.6992
641,0.4298613,0.1672235,1.813333e-05,83.33196
642,0.412098,0.1596464,1.62e-05,82.96472
643,0.394644,0.1522776,1.42e-05,82.59748
644,0.3775333,0.1451259,1.213333e-05,82.23024
645,0.3608,0.1382,1e-05,81.863
646,0.3444563,0.1315003,7.733333e-06,81.49576
647,0.3285168,0.1250248,5.4e-06,81.12852
648,0.3130192,0.1187792,3.2e-06,80.76128
649,0.2980011,0.1127691,1.333333e-06,80.39404
650,0.2835,0.107,2.11758236814e-22,80.0268
651,0.2695448,0.1014762,-3.1763735522e-22,80.04558
652,0.2561184,0.09618864,5.29395592034e-23,80.06436
653,0.2431896,0.09112296,0,80.08314
654,0.2307272,0.08626485,0,80.10192
655,0.2187,0.0816,0,80.1207
656,0.2070971,0.07712064,0,80.13948
657,0.1959232,0.07282552,0,80.15826
658,0.1851708,0.06871008,0,80.17704
659,0.1748323,0.06476976,0,80.19582
660,0.1649,0.061,0,80.2146
661,0.1553667,0.05739621,0,80.42092
662,0.14623,0.05395504,0,80.62724
663,0.13749,0.05067376,0,80.83356
664,0.1291467,0.04754965,0,81.03988
665,0.1212,0.04458,0,81.2462
666,0.1136397,0.04175872,0,81.45252
667,0.106465,0.03908496,0,81.65884
668,0.09969044,0.03656384,0,81.86516
669,0.09333061,0.03420048,0,82.07148
670,0.0874,0.032,0,82.2778
671,0.08190096,0.02996261,0,81.87844
672,0.07680428,0.02807664,0,81.47908
673,0.07207712,0.02632936,0,81.07972
674,0.06768664,0.02470805,0,80.68036
675,0.0636,0.0232,0,80.281
676,0.05980685,0.02180077,0,79.88164
677,0.05628216,0.02050112,0,79.48228
678,0.05297104,0.01928108,0,79.08292
679,0.04981861,0.01812069,0,78.68356
680,0.04677,0.017,0,78.2842
681,0.04378405,0.01590379,0,77.4279
682,0.04087536,0.01483718,0,76.5716
683,0.03807264,0.01381068,0,75.7153
684,0.03540461,0.01283478,0,74.859
685,0.0329,0.01192,0,74.0027
686,0.03056419,0.01106831,0,73.14642
687,0.02838056,0.01027339,0,72.29014
688,0.02634484,0.009533311,0,71.43386
689,0.02445275,0.008846157,0,70.57758
690,0.0227,0.00821,0,69.7213
691,0.02108429,0.007623781,0,69.91008
692,0.01959988,0.007085424,0,70.09886
693,0.01823732,0.006591476,0,70.28764
694,0.01698717,0.006138485,0,70.47642
695,0.01584,0.005723,0,70.6652
696,0.01479064,0.005343059,0,70.85398
697,0.01383132,0.004995796,0,71.04276
698,0.01294868,0.004676404,0,71.23154
699,0.0121292,0.004380075,0,71.42032
700,0.01135916,0.004102,0,71.6091
701,0.01062935,0.003838453,0,71.88308
702,0.009938846,0.003589099,0,72.15706
703,0.009288422,0.003354219,0,72.43104
704,0.008678854,0.003134093,0,72.70502
705,0.008110916,0.002929,0,72.979
706,0.007582388,0.002738139,0,73.253
707,0.007088746,0.002559876,0,73.527
708,0.006627313,0.002393244,0,73.801
709,0.006195408,0.002237275,0,74.075
710,0.005790346,0.002091,0,74.349
711,0.005409826,0.001953587,0,73.0745
712,0.005052583,0.00182458,0,71.8
713,0.004717512,0.00170358,0,70.5255
714,0.004403507,0.001590187,0,69.251
715,0.004109457,0.001484,0,67.9765
716,0.003833913,0.001384496,0,66.702
717,0.003575748,0.001291268,0,65.4275
718,0.003334342,0.001204092,0,64.153
719,0.003109075,0.001122744,0,62.8785
720,0.002899327,0.001047,0,61.604
721,0.002704348,0.0009765896,0,62.43216
722,0.00252302,0.0009111088,0,63.26032
723,0.002354168,0.0008501332,0,64.08848
724,0.002196616,0.0007932384,0,64.91664
725,0.00204919,0.00074,0,65.7448
726,0.00191096,0.0006900827,0,66.57296
727,0.001781438,0.00064331,0,67.40112
728,0.00166011,0.000599496,0,68.22928
729,0.001546459,0.0005584547,0,69.05744
730,0.001439971,0.00052,0,69.8856
731,0.001340042,0.0004839136,0,70.40574
732,0.001246275,0.0004500528,0,70.92588
733,0.001158471,0.0004183452,0,71.44602
734,0.00107643,0.0003887184,0,71.96616
735,0.0009999493,0.0003611,0,72.4863
736,0.0009287358,0.0003353835,0,73.00644
737,0.0008624332,0.0003114404,0,73.52658
738,0.0008007503,0.0002891656,0,74.04672
739,0.000743396,0.0002684539,0,74.56686
740,0.0006900786,0.0002492,0,75.087
741,0.0006405156,0.0002313019,0,73.93756
742,0.0005945021,0.0002146856,0,72.78812
743,0.0005518646,0.0001992884,0,71.63868
744,0.000512429,0.0001850475,0,70.48924
745,0.0004760213,0.0001719,0,69.3398
746,0.0004424536,0.0001597781,0,68.19038
747,0.0004115117,0.0001486044,0,67.04096
748,0.0003829814,0.0001383016,0,65.89154
749,0.0003566491,0.0001287925,0,64.74212
750,0.0003323011,0.00012,0,63.5927
751,0.0003097586,0.0001118595,0,61.87524
752,0.0002888871,0.0001043224,0,60.15778
753,0.0002695394,9.73356e-05,0,58.44032
754,0.0002515682,9.084587e-05,0,56.72286
755,0.0002348261,8.48e-05,0,55.0054
756,0.000219171,7.914667e-05,0,53.28796
757,0.0002045258,7.3858e-05,0,51.57052
758,0.0001908405,6.8916e-05,0,49.85308
759,0.0001780654,6.430267e-05,0,48.13564
760,0.0001661505,6e-05,0,46.4182
761,0.0001550236,5.598187e-05,0,48.45692
762,0.0001446219,5.22256e-05,0,50.49564
763,0.0001349098,4.87184e-05,0,52.53436
764,0.000125852,4.544747e-05,0,54.57308
765,0.000117413,4.24e-05,0,56.6118
766,0.0001095515,3.956104e-05,0,58.65052
767,0.0001022245,3.691512e-05,0,60.68924
768,9.539445e-05,3.444868e-05,0,62.72796
769,8.90239e-05,3.214816e-05,0,64.76668
770,8.307527e-05,3e-05,0,66.8054
771,7.751269e-05,2.799125e-05,0,66.46314
772,7.231304e-05,2.611356e-05,0,66.12088
773,6.745778e-05,2.436024e-05,0,65.77862
774,6.292844e-05,2.272461e-05,0,65.43636
775,5.870652e-05,2.12e-05,0,65.0941
776,5.477028e-05,1.977855e-05,0,64.75184
777,5.109918e-05,1.845285e-05,0,64.40958
778,4.767654e-05,1.721687e-05,0,64.06732
779,4.448567e-05,1.606459e-05,0,63.72506
780,4.150994e-05,1.499e-05,0,63.3828
