nm,W,C,M,Y,R,G,B,K
380,0.999,0.96888990104329031,0.98999343713031973,0.021103202648610431,0.031110098956709673,0.010006562869680276,0.97889679735138957,0.001
385,0.999,0.96889094121662256,0.98999319564477806,0.021103693573860438,0.031109058783377466,0.010006804355221929,0.97889630642613956,0.001
390,0.999,0.96889553641634096,0.98999212246681956,0.021105865349933639,0.031104463583658981,0.010007877533180495,0.97889413465006636,0.001
395,0.999,0.96890716999181536,0.98998939603409986,0.021111374852901599,0.031092830008184622,0.010010603965900183,0.9788886251470984,0.001
400,0.999,0.96893470189495678,0.98998291185220832,0.021124466043362045,0.031065298105043222,0.010017088147791665,0.97887553395663796,0.001
405,0.999,0.96899795226216356,0.98996792505437703,0.021154705513659278,0.031002047737836404,0.010032074945622985,0.97884529448634072,0.001
410,0.999,0.96912156670500094,0.98993832650593516,0.021214400943632583,0.030878433294999102,0.010061673494064803,0.97878559905636742,0.001
415,0.999,0.96936208667916279,0.98987957843540275,0.021332809361403693,0.030637913320837151,0.010120421564597262,0.97866719063859631,0.001
420,0.999,0.96980702764075899,0.98976704068346855,0.021559356888487979,0.030192972359241003,0.010232959316531461,0.97844064311151202,0.001
425,0.999,0.97058910595684122,0.98955642835948621,0.021982344609271398,0.02941089404315872,0.010443571640513821,0.9780176553907286,0.001
430,0.999,0.97183527635838796,0.98918282336671881,0.022729516217334989,0.028164723641612082,0.010817176633281227,0.97727048378266501,0.001
435,0.999,0.97356477492102322,0.98857252895272096,0.023941485941094132,0.026435225078976773,0.011427471047279002,0.97605851405890587,0.001
440,0.999,0.97574816361830441,0.98759567377392754,0.025859943377537831,0.024251836381695618,0.012404326226072425,0.97414005662246217,0.001
445,0.999,0.97824454646034498,0.9860558168243142,0.028833618966573216,0.021755453539654981,0.013944183175685781,0.97116638103342678,0.001
450,0.999,0.98084691229471899,0.98363997634145262,0.03338605208563894,0.019153087705280975,0.016360023658547333,0.96661394791436106,0.001
455,0.999,0.98336651466138358,0.97976962819319469,0.040427088785231269,0.016633485338616368,0.020230371806805324,0.95957291121476873,0.001
460,0.999,0.98566439709369802,0.9733503511785242,0.051532398714685623,0.014335602906302029,0.026649648821475847,0.94846760128531438,0.001
465,0.999,0.9876687160430595,0.96209769383299204,0.069636029608396877,0.012331283956940501,0.037902306167007925,0.93036397039160312,0.001
470,0.999,0.98936112277140742,0.94103125468532722,0.10013548545554696,0.010638877228592608,0.058968745314672721,0.89986451454445304,0.001
475,0.999,0.99075584746873857,0.89922171740986423,0.15223314641421837,0.0092441525312614847,0.10077828259013577,0.84776685358578163,0.001
480,0.999,0.99188610083493256,0.81366859309260708,0.23948027333433242,0.0081138991650673876,0.18633140690739292,0.76051972666566758,0.001
485,0.999,0.99279113232787175,0.65298371051450299,0.3718894637639385,0.0072088676721281993,0.34701628948549701,0.6281105362360615,0.001
490,0.999,0.99351138033110353,0.43356673819661273,0.53481387110223622,0.0064886196688964237,0.56643326180338727,0.46518612889776378,0.001
495,0.999,0.99408047379291031,0.24780859350098605,0.68704676805910125,0.0059195262070896358,0.75219140649901395,0.31295323194089869,0.001
500,0.999,0.99452153056790416,0.13862448140171468,0.79865373089390468,0.0054784694320958241,0.86137551859828532,0.20134626910609529,0.001
505,0.999,0.99485083045345069,0.082506669885611061,0.86960923463987438,0.0051491695465492619,0.91749333011438894,0.13039076536012562,0.001
510,0.999,0.99507814496839242,0.05363820091690108,0.91241920904848994,0.0049218550316075336,0.94636179908309892,0.087580790951510099,0.001
515,0.999,0.99520808492289425,0.038118744531287163,0.93827160394640796,0.004791915077105747,0.96188125546871284,0.061728396053592059,0.001
520,0.999,0.99523984801882037,0.029407703316944755,0.95428189261546881,0.0047601519811796087,0.97059229668305524,0.045718107384531151,0.001
525,0.999,0.99516635355937022,0.0244179123941346,0.96454370663765898,0.0048336464406297276,0.9755820876058654,0.035456293362340997,0.001
530,0.999,0.99496955848236068,0.021679110171211713,0.97133544394018601,0.005030441517639362,0.97832088982878829,0.028664556059813943,0.001
535,0.999,0.99461669113385798,0.020485477120276485,0.97595739910433965,0.0053833088661420008,0.97951452287972351,0.024042600895660363,0.001
540,0.999,0.99405547424075313,0.020521249001441477,0.97918795484445342,0.0059445257592468208,0.97947875099855852,0.020812045155546525,0.001
545,0.999,0.99319505056559365,0.021759828288552274,0.98149030313012764,0.0068049494344063757,0.97824017171144773,0.018509696869872336,0.001
550,0.999,0.99187121151539537,0.024458796849168296,0.98314519244877507,0.0081287884846046564,0.9755412031508317,0.016854807551224964,0.001
555,0.999,0.98978102261986667,0.029248020334138647,0.98433286536711451,0.010218977380133287,0.97075197966586135,0.015667134632885545,0.001
560,0.999,0.98634480836270133,0.037374037893851186,0.98517686005176774,0.013655191637298662,0.96262596210614881,0.014823139948232228,0.001
565,0.999,0.98036106856676453,0.051321981696637597,0.98576102644693908,0.019638931433235529,0.9486780183033624,0.014238973553060922,0.001
570,0.999,0.96913225507052148,0.076119759960896372,0.98614436304412345,0.03086774492947849,0.92388024003910363,0.013855636955876563,0.001
575,0.999,0.94607659164018865,0.12186137901442251,0.98637035054010891,0.05392340835981134,0.87813862098557749,0.013629649459891036,0.001
580,0.999,0.89399908823670127,0.20685657779204147,0.98647072126057045,0.10600091176329872,0.79314342220795853,0.013529278739429589,0.001
585,0.999,0.77199470949183069,0.35096374325041158,0.98647173851270731,0.22800529050816934,0.64903625674958842,0.013528261487292671,0.001
590,0.999,0.53997350126415145,0.53830890991789038,0.98639900593008545,0.46002649873584855,0.46169109008210968,0.01360099406991451,0.001
595,0.999,0.29444030731244708,0.70514171469715237,0.98627453835075052,0.70555969268755292,0.29485828530284769,0.01372546164924943,0.001
600,0.999,0.15205204778621739,0.814586434508768,0.98611575720973677,0.84794795221378261,0.18541356549123203,0.013884242790263211,0.001
605,0.999,0.086208180502369336,0.87743874884092043,0.98593823926816326,0.91379181949763066,0.12256125115907957,0.014061760731836757,0.001
610,0.999,0.055130988735034303,0.91300992715518714,0.9857559175483166,0.9448690112649657,0.086990072844812819,0.014244082451683435,0.001
615,0.999,0.039147037986430155,0.93383059089843401,0.98557984490387784,0.96085296201356984,0.066169409101566018,0.014420155096122135,0.001
620,0.999,0.030198269667393807,0.94657608597083764,0.98541802775345233,0.96980173033260619,0.053423914029162356,0.014581972246547722,0.001
625,0.999,0.024836149953456954,0.95470162704129047,0.98527538936661796,0.97516385004654305,0.045298372958709504,0.014724610633382009,0.001
630,0.999,0.02143440040180844,0.96008505643674535,0.98515364539710204,0.97856559959819156,0.03991494356325459,0.014846354602897936,0.001
635,0.999,0.019178439365876154,0.96376667362319524,0.98505238202123591,0.98082156063412385,0.036233326376804799,0.01494761797876409,0.001
640,0.999,0.017648686718711115,0.96631914125170493,0.98497068662756593,0.98235131328128888,0.033680858748295128,0.015029313372434024,0.001
645,0.999,0.016599450655180314,0.96809814666413507,0.98490675282841289,0.98340054934481969,0.031901853335864976,0.015093247171587158,0.001
650,0.999,0.015870830411345849,0.969347856838919,0.98485778785027756,0.98412916958865415,0.030652143161080999,0.015142212149722396,0.001
655,0.999,0.01535980207206078,0.97023161367755661,0.98482088224857423,0.98464019792793922,0.02976838632244333,0.01517911775142575,0.001
660,0.999,0.015001814417543669,0.97085437167046207,0.9847936287132768,0.98499818558245633,0.029145628329537977,0.015206371286723142,0.001
665,0.999,0.014751765445897069,0.97129118301942052,0.98477385194291056,0.98524823455410293,0.028708816980579494,0.015226148057089401,0.001
670,0.999,0.014578186202131027,0.97159529369909892,0.98475973747083867,0.98542181379786897,0.028404706300901125,0.015240262529161303,0.001
675,0.999,0.014458555348853208,0.97180530597997838,0.98474981323283339,0.98554144465114679,0.028194694020021661,0.0152501867671666,0.001
680,0.999,0.014376344059119583,0.97194982221270942,0.98474289469444443,0.98562365594088042,0.028050177787290607,0.015257105305555543,0.001
685,0.999,0.014320549195616761,0.97204799145071075,0.98473815141888899,0.98567945080438324,0.02795200854928925,0.015261848581111005,0.001
690,0.999,0.014282158569042913,0.97211558110251173,0.98473486603135585,0.98571784143095709,0.027884418897488324,0.015265133968644158,0.001
695,0.999,0.014255008176818129,0.97216340191768813,0.98473253249208659,0.98574499182318187,0.027836598082311915,0.015267467507913374,0.001
700,0.999,0.014235766393329796,0.97219730279987304,0.98473087393875214,0.9857642336066702,0.027802697200126961,0.015269126061247872,0.001
705,0.999,0.014222248819838024,0.9722211227504205,0.98472970659200798,0.98577775118016198,0.027778877249579528,0.015270293407991985,0.001
710,0.999,0.014212883551846356,0.97223762693036309,0.98472889678840625,0.98578711644815364,0.027762373069636949,0.015271103211593716,0.001
715,0.999,0.014206531530243205,0.97224882067693008,0.98472834707152712,0.9857934684697568,0.027751179323069943,0.01527165292847284,0.001
720,0.999,0.01420213208359844,0.97225657280414046,0.98472796613829161,0.98579786791640156,0.027743427195859583,0.015272033861708438,0.001
725,0.999,0.014198980001398742,0.97226212623042296,0.9847276931308504,0.98580101999860126,0.027737873769577041,0.01527230686914962,0.001
730,0.999,0.014196768122288095,0.97226602231801462,0.98472750153554678,0.98580323187771191,0.027733977681985381,0.015272498464453218,0.001
735,0.999,0.014195258205414563,0.97226868104222863,0.984727370754507,0.98580474179458544,0.027731318957771377,0.015272629245492959,0.001
740,0.999,0.014194253753446406,0.97227044884737901,0.98472728377716556,0.98580574624655359,0.027729551152621008,0.015272716222834468,0.001
745,0.999,0.014193610606852647,0.97227157992046687,0.98472722811456292,0.98580638939314735,0.027728420079533144,0.015272771885437068,0.001
750,0.999,0.01419319764543403,0.97227230547779597,0.98472719239997064,0.98580680235456597,0.027727694522203982,0.015272807600029401,0.001
755,0.999,0.014192932102996325,0.9722727714678211,0.98472716945661687,0.98580706789700367,0.027727228532178926,0.015272830543383121,0.001
760,0.999,0.014192756732339884,0.9722730788386329,0.98472715431960678,0.98580724326766012,0.027726921161367088,0.015272845680393166,0.001
765,0.999,0.014192635270986798,0.97227329153217912,0.9847271438436811,0.9858073647290132,0.027726708467820833,0.015272856156318886,0.001
770,0.999,0.014192560293741385,0.97227342263277383,0.98472713738493411,0.98580743970625861,0.027726577367226196,0.015272862615065868,0.001
775,0.999,0.014192524156167896,0.9722734856147015,0.98472713428033676,0.9858074758438321,0.027726514385298526,0.015272865719663194,0.001
780,0.999,0.014192514816353308,0.97227350171130189,0.9847271334852894,0.98580748518364669,0.027726498288698141,0.015272866514710579,0.001
