palette,source_row,paints,base_calibration_count,pair_calibration_count,c1,c2,c3,original_km_spectral_rmse,original_km_spectral_mae,original_km_spectral_max_abs,original_km_delta_e_2000,original_empirical_spectral_rmse,original_empirical_spectral_mae,original_empirical_spectral_max_abs,original_empirical_delta_e_2000,anchor_km_spectral_rmse,anchor_km_spectral_mae,anchor_km_spectral_max_abs,anchor_km_delta_e_2000,anchor_empirical_spectral_rmse,anchor_empirical_spectral_mae,anchor_empirical_spectral_max_abs,anchor_empirical_delta_e_2000
old-holland-1-2-3,264,Lemon Yellow; Cadmium Yellow; Scarlet Lake,20,28,0.75,0.16666666666666666,0.08333333333333333,0.02929718317161226,0.023874238235986986,0.054791006125822495,3.6695328695480733,0.022004393322500686,0.018515790149411713,0.044020657222640036,2.640856202621351,0.03896708903680618,0.02856976116462974,0.09099406938653065,5.629402362731988,0.02989776085583241,0.02205222305089202,0.07437708605173715,4.2293229603631515
old-holland-1-3-4,168,Lemon Yellow; Scarlet Lake; Alizarine Lake,24,32,0.5,0.25,0.25,0.03448082560575081,0.025177255618632446,0.07448460870321283,3.6463590498510667,0.04628890749155793,0.027969090299362887,0.10266951064966134,2.779767786203495,0.012068924149451501,0.011155607096587443,0.026083523595335306,3.0432830833245323,0.028155039482683393,0.018221012429361964,0.05992887407387837,2.2398255500853326
old-holland-1-3-4,169,Lemon Yellow; Scarlet Lake; Alizarine Lake,24,32,0.8,0.1,0.1,0.04867111715418802,0.03150577965082305,0.1063019316258581,2.9723738043116743,0.04727763260347977,0.028375260022712106,0.10580640056752899,2.0960545623351576,0.021754201921780604,0.015768793192433548,0.0455514604206759,3.054561840436096,0.02211674280025801,0.014474923183566064,0.045666850613410775,2.1354129966435975
old-holland-1-3-4,170,Lemon Yellow; Scarlet Lake; Alizarine Lake,24,32,0.95,0.025,0.025,0.042251098760245326,0.028407560434989234,0.09040474893385908,1.9477056581890075,0.04130366156412207,0.028069042384087247,0.08958722305639355,1.8069312470492103,0.025342168887929034,0.02046162117192423,0.04283831174331093,3.4604363171711037,0.024857768536873284,0.020388080838932284,0.04188521620594057,3.306126777355052
old-holland-1-3-6,191,Lemon Yellow; Scarlet Lake; Ultramarine Blue,22,39,0.9,0.05,0.05,0.019918989744316995,0.014459998274027039,0.0386811205851626,4.686983354767984,0.01910876010281952,0.013942588555659996,0.035769228364317535,4.084080168213981,0.04527545967549152,0.033827242711212666,0.0855890020352637,6.331056837559505,0.03551548013533318,0.027308909306667507,0.06504677311463403,4.831211565906576
old-holland-1-3-6,193,Lemon Yellow; Scarlet Lake; Ultramarine Blue,22,39,0.95,0.025,0.025,0.017826297061714968,0.015912156262901603,0.032989789150729365,3.729277806412774,0.016234911490808274,0.014340973142385647,0.030692392477794372,3.402290761558429,0.039646320192610315,0.03244282933969093,0.06992758871868976,4.84440753647627,0.033081228486482206,0.02727197382354317,0.058790301501373265,4.094536369055772
old-holland-1-3-6,195,Lemon Yellow; Scarlet Lake; Ultramarine Blue,22,39,0.99,0.005,0.005,0.014475933743749517,0.012187479729636828,0.02756890527864897,1.5718387349149163,0.01428136376444482,0.0119167258755143,0.02765042337908985,1.5288457346741116,0.024845356644462538,0.02009127280519031,0.04422235319690604,1.8104193432535944,0.023217795148227797,0.01880670866542409,0.04157869155427063,1.7060099915829774
old-holland-1-3-7,197,Lemon Yellow; Scarlet Lake; Viridian Green,22,33,0.8,0.15,0.05,0.06950934576595721,0.04748115072399583,0.1804216880150382,5.381527080289066,0.07072305252610772,0.05027076982661853,0.18353103694931128,5.237721009102357,0.037630114055390136,0.031140372558149023,0.055406104202264383,6.498312981524754,0.03903435122682159,0.03302676760378574,0.057855126825133385,6.129770597864894
old-holland-1-3-7,199,Lemon Yellow; Scarlet Lake; Viridian Green,22,33,0.95,0.0375,0.0125,0.10435597587887464,0.07785365290541883,0.24244200243549946,5.272573040438432,0.10466636766155867,0.077998905571206,0.24337930777980787,5.3102411782034515,0.06772459270436881,0.0574957892476207,0.10504647271297415,7.656212356379739,0.06764854216963262,0.05701368764079103,0.10524243227084987,7.624350712381862
old-holland-1-4-5,178,Lemon Yellow; Alizarine Lake; Cobalt Blue,24,27,0.3333333333333333,0.3333333333333333,0.3333333333333333,0.037162307939897006,0.022159529013503574,0.12166986657580026,2.917576373993842,0.039071961980234694,0.022292413004810555,0.13036347398236525,2.6823318083408374,0.02871662442205282,0.017683470892597083,0.0979138956859461,2.8538938144587984,0.04345377197614867,0.024548745109417958,0.14573662386655273,2.86703498514138
old-holland-1-4-6,188,Lemon Yellow; Alizarine Lake; Ultramarine Blue,25,34,0.1,0.1,0.8,0.0046530084448200264,0.004138394034932367,0.008357621376163561,1.8614043567828218,0.0079698910628954,0.007856437698703036,0.011469937094199745,2.2369496600464513,0.00514559576821426,0.0048104432103612755,0.008276578232012888,2.1143729750552294,0.006752960911635897,0.006284947159359785,0.010547850283476677,2.4248673644156526
old-holland-1-4-7,180,Lemon Yellow; Alizarine Lake; Viridian Green,25,28,0.25,0.25,0.5,0.01016779346683732,0.006114333728435465,0.03348817229814553,4.971624953230026,0.004092843675245275,0.0029659261622948627,0.013131332379645859,3.1327100562362236,0.00958231849831318,0.0053757986167725,0.03564542173695856,4.394610439233427,0.0050869278102648905,0.003316634707847598,0.018660933476596954,2.8330461634338784
old-holland-1-5-7,184,Lemon Yellow; Cobalt Blue; Viridian Green,22,25,0.3333333333333333,0.3333333333333333,0.3333333333333333,0.020516527828674403,0.012768611594393619,0.06008915643440069,4.025296677445834,0.017743790323286615,0.010263968344017983,0.05322496755998507,3.9280104260406565,0.017873283057975965,0.010644856979992753,0.06172699373443544,3.5734443559160325,0.018588406590776554,0.010631206347678078,0.06059515632772178,3.1950643289848553
old-holland-1-5-7,186,Lemon Yellow; Cobalt Blue; Viridian Green,22,25,0.6,0.3,0.1,0.04238945018415628,0.028583112172216353,0.11039432415131187,3.4187411460512975,0.040932788254140005,0.02716997302461754,0.10526963172543657,3.1920567521448677,0.028919436931639272,0.01948049534416987,0.07356116455183351,3.304956377014123,0.03638687563753326,0.024513117750438303,0.0859279240361937,2.589310166971806
old-holland-1-6-7,201,Lemon Yellow; Ultramarine Blue; Viridian Green,23,32,0.2,0.4,0.4,0.01096054643595841,0.010383655128080559,0.014539287912479604,5.029269608366796,0.009291999697160174,0.00876066236739648,0.012291795969285573,4.8196170150465605,0.009650187077206187,0.00873305853887745,0.014540453390837968,6.116485451080916,0.011594835647761982,0.010985193914110139,0.014405857264744741,5.952882014051232
old-holland-1-6-7,203,Lemon Yellow; Ultramarine Blue; Viridian Green,23,32,0.8,0.1,0.1,0.021860682300273007,0.020645882145029888,0.030984107524389015,3.362109306559091,0.021132920553632306,0.019886316096212598,0.02785081358230579,3.3527369398259217,0.01154760965121969,0.00959648943043895,0.02597404553470664,2.3584635892169867,0.012437882213062067,0.010802591746282867,0.029978940310333102,1.8167829161776927
old-holland-2-3-4,205,Cadmium Yellow; Scarlet Lake; Alizarine Lake,24,30,0.25,0.5,0.25,0.036897770879975714,0.02884720553951671,0.08744440859465666,6.982238164464007,0.08305920706527256,0.05396906419059233,0.15248185353140942,7.145746569925382,0.045607769544018385,0.031310918548242604,0.13315513501241877,8.569916604166892,0.07684821458299028,0.050841651405436394,0.1637793703231189,8.188194229079821
old-holland-2-3-5,207,Cadmium Yellow; Scarlet Lake; Cobalt Blue,21,27,0.25,0.5,0.25,0.024024929438101788,0.02149511846248296,0.0515056193476556,8.265297245902634,0.03546446053766371,0.025127375613614503,0.08852475616606986,7.1974855731104626,0.03577494556383843,0.028626220296724667,0.0921888053669685,9.698196156343151,0.03199776404237733,0.024933387627578366,0.060766472712035724,9.571789291529253
old-holland-2-3-6,209,Cadmium Yellow; Scarlet Lake; Ultramarine Blue,22,33,0.8,0.1,0.1,0.012216550932822213,0.009877526193867402,0.02524158159318557,2.39470685836349,0.0077864238083841415,0.005311382580419942,0.015502660972466137,1.6114213257021959,0.06742700696969055,0.048048965330552064,0.16069703922332734,9.071305354041726,0.04727417851320962,0.03423714368829272,0.09521307263682044,7.071487174982528
old-holland-2-3-7,211,Cadmium Yellow; Scarlet Lake; Viridian Green,22,31,0.1,0.8,0.1,0.008710378605978838,0.007878490021413628,0.013598429875479268,3.0680273540680547,0.011276224746449322,0.007643255772520249,0.03768011837792609,2.291955492057004,0.05071227272518548,0.0276249361610832,0.18216417564081108,4.108056325927963,0.02604015694699195,0.015409739567482823,0.09289700845562524,3.2218149619076977
old-holland-2-4-5,213,Cadmium Yellow; Alizarine Lake; Cobalt Blue,24,29,0.125,0.75,0.125,0.020866006490422518,0.015396716635816885,0.059547536116232425,4.647212108601366,0.021491220970586918,0.015464231933963738,0.06225932096255893,4.409925670482538,0.0335367315641974,0.021470152960044345,0.09935449603223034,5.066609578468001,0.02391051859510858,0.018128575705446494,0.061663301089054434,5.3169951082158065
old-holland-2-4-6,215,Cadmium Yellow; Alizarine Lake; Ultramarine Blue,25,32,0.16666666666666666,0.16666666666666666,0.6666666666666666,0.011329367016068596,0.010499883601339103,0.018388638707211698,6.6291107103911395,0.008247032835040085,0.006838573043477956,0.02146186134584223,5.021803993969009,0.01949653792496667,0.0128435562962823,0.07784809026065738,7.680769110366437,0.007752095328764862,0.006542807143286254,0.013698667407325227,4.587162582082058
old-holland-2-4-7,218,Cadmium Yellow; Alizarine Lake; Viridian Green,25,30,0.75,0.125,0.125,0.02206918293368633,0.018993612191004178,0.037931267184811324,4.547081408870281,0.017422539612578117,0.01408567347185558,0.03169384942844583,2.9811719466512296,0.05475245617307275,0.03940921047565441,0.16571363995237254,9.230453189093327,0.029240020569924297,0.02254347811720534,0.06162380591545899,6.157249687747529
old-holland-2-4-7,220,Cadmium Yellow; Alizarine Lake; Viridian Green,25,30,0.9583333333333334,0.020833333333333332,0.020833333333333332,0.032920137308157474,0.025998904685861732,0.057435454294568755,3.019428212520402,0.035240733023013136,0.027545074468175557,0.061319804775873954,3.2587703504408987,0.05731913384966585,0.033664790872166596,0.1732418103994413,1.2385488693617035,0.05118449065936877,0.029959108784673,0.15379165247886362,0.9477961006137945
old-holland-2-4-7,222,Cadmium Yellow; Alizarine Lake; Viridian Green,25,30,0.9895833333333334,0.005208333333333333,0.005208333333333333,0.0401847101686911,0.032975942407006256,0.06388635053451786,2.1951617173661297,0.04075006312967115,0.033351214779259356,0.06485164127820964,2.231495786717704,0.042124961026078996,0.0259910682501296,0.11168922979081419,0.9379671687323743,0.041268134414604474,0.025771685272956788,0.1079309380881871,0.8328969176883281
old-holland-2-5-7,224,Cadmium Yellow; Cobalt Blue; Viridian Green,22,27,0.75,0.125,0.125,0.023914081731615123,0.02087320595216953,0.04052491213504861,5.147564264053192,0.014060011815261467,0.012634994528167352,0.02425458255708196,3.5478373015298215,0.06588903882197127,0.04826666849639801,0.19038080218522146,9.407958114996736,0.036190123629343776,0.029674080052147448,0.06602828874195954,7.285566502791882
old-holland-2-6-7,226,Cadmium Yellow; Ultramarine Blue; Viridian Green,23,30,0.9,0.05,0.05,0.012118961797391916,0.0103528663599411,0.026259349710672952,1.5633980541143704,0.011070173295183942,0.008314708174942464,0.033042711069557806,1.0220488019940006,0.07663961550639051,0.05469105825114832,0.1938253852128023,7.730109825768561,0.05843442102849645,0.042221163104674976,0.14275331529720287,6.552787477237167
old-holland-2-6-7,228,Cadmium Yellow; Ultramarine Blue; Viridian Green,23,30,0.975,0.0125,0.0125,0.029982796546597818,0.02024827488964551,0.06637664278965627,1.7794081183578154,0.03158211638817211,0.021508657902450035,0.06808073528561998,1.7932876676787257,0.06347609964974381,0.04240835858095655,0.17270656105297166,2.822048716847961,0.05861913946988629,0.039043492921797054,0.16226999279466237,2.5127760429986896
old-holland-3-4-5,230,Scarlet Lake; Alizarine Lake; Cobalt Blue,25,30,0.4,0.2,0.4,0.03418508660948887,0.020939026580782272,0.10680724568429356,4.3667501536524815,0.015484767850263818,0.0071728889591928646,0.05279466216291556,2.714248936358722,0.05014755592745717,0.02832725376673261,0.15351235999181362,3.4065031651644753,0.005562371484954111,0.004260249680369749,0.01053166539670116,4.7032801629400645
old-holland-3-4-6,232,Scarlet Lake; Alizarine Lake; Ultramarine Blue,26,38,0.2,0.2,0.6,0.015323987741520509,0.01469510220637075,0.030746531073078464,4.102253939188591,0.003786051561842152,0.0033182927202889166,0.009344263680713932,1.3571978727294711,0.022280222228582742,0.0179023475387636,0.07618600368217393,4.129295732977307,0.004322349552138971,0.0028018605112241214,0.01850462823186855,3.0728038091999714
old-holland-3-4-7,234,Scarlet Lake; Alizarine Lake; Viridian Green,26,34,0.4,0.4,0.2,0.03426363418450612,0.023964000080396758,0.1089559430593422,3.9799197230894907,0.011939710940526687,0.007474046278856687,0.039834983238556394,2.2925996170679888,0.04771831700593056,0.029928700719330265,0.16445522886640462,4.619088897165889,0.011516531919544213,0.006988087087077713,0.04451180648012907,4.706077487964757
old-holland-3-5-7,236,Scarlet Lake; Cobalt Blue; Viridian Green,23,31,0.2,0.2,0.6,0.0074015892545144174,0.00581809294024248,0.013592821939065768,5.510238748327294,0.003711542803859828,0.0032710147460594456,0.005992844497061816,4.696281349951983,0.00869181566771296,0.007167813919697489,0.018195650833888355,5.225582890353026,0.005962546192749014,0.004769384214081386,0.00958401502916163,5.632160190991719
old-holland-3-6-7,238,Scarlet Lake; Ultramarine Blue; Viridian Green,24,39,0.4,0.2,0.4,0.014323730921238557,0.013502329961264367,0.019993157802430248,6.643788720761005,0.004057631085070002,0.003026242392706976,0.007407907531371816,4.703857994344528,0.017741121571029493,0.016446680927550243,0.04058008231693394,6.14581760748537,0.004802605848130684,0.0044965959356713225,0.007001098615262217,6.345955614309922
old-holland-4-5-7,240,Alizarine Lake; Cobalt Blue; Viridian Green,26,29,0.1,0.8,0.1,0.015924595437345833,0.011946973261265708,0.05362023000155057,4.575539374914334,0.014282140595548724,0.011009754816029109,0.04875760303857406,4.12850777586293,0.018019087653239563,0.012638117935644682,0.06689646048903132,4.55530630293672,0.01591127728356815,0.011449171740165966,0.06015539882085018,4.092472282569966
old-holland-4-6-7,242,Alizarine Lake; Ultramarine Blue; Viridian Green,27,34,0.1,0.2,0.7,0.0041774113982046245,0.003816214420142179,0.007175099663008687,1.9852003277897474,0.0008923915324740225,0.0008250402258755703,0.0013448690689790363,0.8899077498991896,0.0049874835748943535,0.004216048789848098,0.013639639641764928,2.018867302020667,0.0009801706402963767,0.0007609659409100047,0.003305716615772905,0.61306882421508
