variant,sample,group,role,km_spectral_rmse,km_spectral_mae,km_spectral_max_abs,km_delta_e_2000,empirical_spectral_rmse,empirical_spectral_mae,empirical_spectral_max_abs,empirical_delta_e_2000
base,Bc,Bc,pair,0.018181442283007634,0.015236769713391943,0.034115905939338956,6.959410623096639,0.013560801959868375,0.011710110424442099,0.026186048727458555,3.900150661184936
base,Bwc,Bc,ternary,0.03397916125526577,0.030157940996269055,0.05357780981813633,12.724963429187554,0.027723836768574605,0.02543928402097487,0.04691556860763549,10.82297928497932
base,bWc,bWc,ternary,0.024178803699157685,0.019891482092576542,0.03876126412740713,10.645432357995192,0.02431415466076579,0.019882880304851067,0.05956734727586499,8.045694612374863
base,BC,bWc,pair,0.028306930026996784,0.021352696651872286,0.06377999760803554,5.4831444754582845,0.01786214972405301,0.016185953780162996,0.02764399064978028,4.77099037123683
base,bwC,bwC,ternary,0.03255121538535526,0.024848807216690832,0.08217053782899039,4.860800136561154,0.015606300546697174,0.011456096665964493,0.0340542544466409,2.5188949143693278
base,bC,bwC,pair,0.03501138976605107,0.029806410213445864,0.07341886990686708,7.48235622092788,0.01741264849284274,0.013386586469277002,0.04107053955669521,5.4891766355021225
base,By,By,pair,0.015253539148383007,0.013316959563058348,0.033500141602174904,2.968990775876623,0.014917902147093171,0.013519392653614171,0.024499881812062918,5.841995493810922
base,Bwy,By,ternary,0.03053275363657352,0.023623219469625836,0.06494612640106993,3.8966761783005066,0.018334159109965994,0.014648724433628016,0.04350021523425911,6.212284905050406
base,bWy,bWy,ternary,0.04053712303153631,0.03204125011515789,0.09838065889988414,5.767758751758149,0.035393140239391885,0.02684683071235217,0.08760993694553179,5.338755251411871
base,BY,bWy,pair,0.02372948517747609,0.020251286109789313,0.0493751806586089,5.448807429878961,0.014897903647863305,0.013439576684148689,0.03637765008529856,2.9570345815197676
base,Bcy,Bcy,ternary,0.02480149054793093,0.018021134720330997,0.05686667257113179,9.494806936584174,0.02814330290369635,0.022729879884212156,0.05072342716418221,10.336441498305694
base,Wcy,Wcy,ternary,0.08553073014832624,0.05689136541344032,0.19142579025824447,4.907829148420125,0.04788111189539226,0.0346150528389737,0.11386600440843764,5.233829570770037
base,CY,Wcy,pair,0.028427550285907224,0.024480791593855685,0.06214027274194611,5.970106823050093,0.0402170416488643,0.03530533525265552,0.08862938664396469,8.147994493384678
base,bCy,bCy,ternary,0.008514551889459461,0.006635385925386716,0.021636011489383933,2.0257872110391277,0.025442094442407526,0.017279934574259158,0.0858774230641795,3.7116111557875096
base,wCy,wCy,ternary,0.04271101522165535,0.02876426313887356,0.1009400070933908,4.054361533388334,0.01251802264253525,0.012003914142837977,0.015571069988634348,2.8705917503094853
base,Cy,wCy,pair,0.05153340033337739,0.03676851720691858,0.10199314466788584,4.930748383304283,0.032495379963622444,0.026004907963139024,0.06940535079653504,6.445480426913569
base,bwY,bwY,ternary,0.0339313844372039,0.026945816287430095,0.0819328009415408,10.063865728007382,0.02958556655156039,0.024459213794858062,0.06493673884868721,9.16687837866427
base,bY,bwY,pair,0.053402383805854284,0.04304604445354945,0.11675710061526276,9.15177456209173,0.03176024309403104,0.024651776420284845,0.07132830360686447,6.413619992820589
base,bcY,bcY,ternary,0.016389399962666185,0.014008292881630089,0.03226345952942675,2.4375150248464648,0.018981146629999435,0.016084069430639707,0.040292255702789465,4.671849875190074
base,wcY,wcY,ternary,0.043955305307116554,0.03218029312145865,0.10358322282293797,5.827802307662526,0.021298585618477767,0.01953359526614509,0.03166703219230671,6.491659616487121
base,cY,wcY,pair,0.05839002562588272,0.03969835246674342,0.15434809369848979,5.589391816112297,0.0387733546491588,0.032968864539320596,0.0785990896851988,5.515238715528236
variant-01,Bc,Bc,pair,0.018181442283007634,0.015236769713391943,0.034115905939338956,6.959410623096639,0.013560801959868375,0.011710110424442099,0.026186048727458555,3.900150661184936
variant-01,Bwc,Bc,ternary,0.03397916125526577,0.030157940996269055,0.05357780981813633,12.724963429187554,0.027723836768574605,0.02543928402097487,0.04691556860763549,10.82297928497932
variant-01,bWc,bWc,ternary,0.024178803699157685,0.019891482092576542,0.03876126412740713,10.645432357995192,0.02431415466076579,0.019882880304851067,0.05956734727586499,8.045694612374863
variant-01,BC,bWc,pair,0.028306930026996784,0.021352696651872286,0.06377999760803554,5.4831444754582845,0.01786214972405301,0.016185953780162996,0.02764399064978028,4.77099037123683
variant-01,bwC,bwC,ternary,0.03255121538535526,0.024848807216690832,0.08217053782899039,4.860800136561154,0.015606300546697174,0.011456096665964493,0.0340542544466409,2.5188949143693278
variant-01,bC,bwC,pair,0.03501138976605107,0.029806410213445864,0.07341886990686708,7.48235622092788,0.01741264849284274,0.013386586469277002,0.04107053955669521,5.4891766355021225
variant-01,By,By,pair,0.015253539148383007,0.013316959563058348,0.033500141602174904,2.968990775876623,0.014917902147093171,0.013519392653614171,0.024499881812062918,5.841995493810922
variant-01,Bwy,By,ternary,0.03053275363657352,0.023623219469625836,0.06494612640106993,3.8966761783005066,0.018334159109965994,0.014648724433628016,0.04350021523425911,6.212284905050406
variant-01,bWy,bWy,ternary,0.04053712303153631,0.03204125011515789,0.09838065889988414,5.767758751758149,0.035393140239391885,0.02684683071235217,0.08760993694553179,5.338755251411871
variant-01,BY,bWy,pair,0.02372948517747609,0.020251286109789313,0.0493751806586089,5.448807429878961,0.014897903647863305,0.013439576684148689,0.03637765008529856,2.9570345815197676
variant-01,Bcy,Bcy,ternary,0.02480149054793093,0.018021134720330997,0.05686667257113179,9.494806936584174,0.02814330290369635,0.022729879884212156,0.05072342716418221,10.336441498305694
variant-01,Wcy,Wcy,ternary,0.060878853852823454,0.04853309313677955,0.1328350404830798,6.557794518383165,0.03104913681227432,0.026373340639542855,0.05408813606987961,8.00419421755469
variant-01,CY,Wcy,pair,0.028427550285907224,0.024480791593855685,0.06214027274194611,5.970106823050093,0.0402170416488643,0.03530533525265552,0.08862938664396469,8.147994493384678
variant-01,bCy,bCy,ternary,0.008514551889459461,0.006635385925386716,0.021636011489383933,2.0257872110391277,0.025442094442407526,0.017279934574259158,0.0858774230641795,3.7116111557875096
variant-01,wCy,wCy,ternary,0.04271101522165535,0.02876426313887356,0.1009400070933908,4.054361533388334,0.01251802264253525,0.012003914142837977,0.015571069988634348,2.8705917503094853
variant-01,Cy,wCy,pair,0.05153340033337739,0.03676851720691858,0.10199314466788584,4.930748383304283,0.032495379963622444,0.026004907963139024,0.06940535079653504,6.445480426913569
variant-01,bwY,bwY,ternary,0.0339313844372039,0.026945816287430095,0.0819328009415408,10.063865728007382,0.02958556655156039,0.024459213794858062,0.06493673884868721,9.16687837866427
variant-01,bY,bwY,pair,0.053402383805854284,0.04304604445354945,0.11675710061526276,9.15177456209173,0.03176024309403104,0.024651776420284845,0.07132830360686447,6.413619992820589
variant-01,bcY,bcY,ternary,0.016389399962666185,0.014008292881630089,0.03226345952942675,2.4375150248464648,0.018981146629999435,0.016084069430639707,0.040292255702789465,4.671849875190074
variant-01,wcY,wcY,ternary,0.043955305307116554,0.03218029312145865,0.10358322282293797,5.827802307662526,0.021298585618477767,0.01953359526614509,0.03166703219230671,6.491659616487121
variant-01,cY,wcY,pair,0.05839002562588272,0.03969835246674342,0.15434809369848979,5.589391816112297,0.0387733546491588,0.032968864539320596,0.0785990896851988,5.515238715528236
variant-02,Bc,Bc,pair,0.018222320960806934,0.015342577468757912,0.03410373346960909,6.9869662306755025,0.013571108758258104,0.01170380880819561,0.02643863102511318,3.899572887522489
variant-02,Bwc,Bc,ternary,0.03389136820084961,0.029914910649922192,0.05361970044175601,12.758447339380426,0.027838518778995104,0.025529319463083993,0.04715964275651241,10.822452145236612
variant-02,bWc,bWc,ternary,0.02398378367172068,0.019802022073268966,0.03876241532738336,10.665498004537662,0.024247591430313974,0.019857365594082164,0.05947135346130572,8.093085873847686
variant-02,BC,bWc,pair,0.028876528752191634,0.02168821250520854,0.06525602449387186,5.511223136948531,0.017843840802151092,0.01614659380293181,0.027364873808002704,4.797938822015669
variant-02,bwC,bwC,ternary,0.03341087451702025,0.025373854221382105,0.0840062480375092,4.899811086747177,0.015669919379809716,0.011496177170443178,0.034983086813207664,2.5064467221386493
variant-02,bC,bwC,pair,0.03565502241252482,0.030270763838725092,0.07511278086227124,7.502219913124468,0.01747960876359082,0.013448590158006958,0.041007928534528726,5.500288551126671
variant-02,By,By,pair,0.026013939917352676,0.01925706896376035,0.05448860266400207,6.265908847021053,0.010398651600043616,0.008606905001255698,0.020808991181440264,8.006457709391443
variant-02,Bwy,By,ternary,0.03053275363657352,0.023623219469625836,0.06494612640106993,3.8966761783005066,0.018334159109965994,0.014648724433628016,0.04350021523425911,6.212284905050406
variant-02,bWy,bWy,ternary,0.03959710466068501,0.031132291712203893,0.09769186409868676,5.302962202780949,0.034184181499397594,0.025061091823543172,0.08575397024309903,4.616699266865815
variant-02,BY,bWy,pair,0.022672969897518238,0.019161119892754066,0.048607680534327194,5.675843409427807,0.016760552455438945,0.011816542755095905,0.055191580329705364,2.9710438264738177
variant-02,Bcy,Bcy,ternary,0.025619076172018626,0.01841448286734237,0.060423325658775395,9.481731958077336,0.02981059089300526,0.02407649363826652,0.052779770427958284,10.48255181543104
variant-02,Wcy,Wcy,ternary,0.08602135920960267,0.05716434096611507,0.19236448130706874,4.880904942883339,0.04777102218214349,0.0345163107501194,0.11362926086405833,5.208971082943026
variant-02,CY,Wcy,pair,0.028987177016438697,0.02485228886060516,0.06434049338341441,5.970208695747807,0.040291692819025525,0.03539437163796213,0.08880367318542026,8.124889795475042
variant-02,bCy,bCy,ternary,0.008118426693911057,0.006360769923768243,0.018028196886791137,2.050437302124425,0.02485933570269766,0.017198364078340713,0.08296431161666573,3.998581558721468
variant-02,wCy,wCy,ternary,0.0430640878112458,0.02890923369712252,0.10198045957163648,4.054240045943953,0.012502734597197194,0.011982021804278823,0.015634285531475174,2.8828031866916994
variant-02,Cy,wCy,pair,0.05187638172206447,0.0369654426221655,0.10279187561307063,4.938678090858169,0.03231335752115833,0.02591234143014722,0.06881497502586986,6.452992098159213
variant-02,bwY,bwY,ternary,0.035441295767591974,0.029032470031241122,0.08092868028314117,11.749935757950334,0.03322079975589653,0.02867475529575189,0.07553798578922855,11.38168032226988
variant-02,bY,bwY,pair,0.05209774019794401,0.044157391315883594,0.10657166625423212,10.694752030254996,0.0299028027882114,0.023430322297245405,0.0633162182183982,9.385968855072456
variant-02,bcY,bcY,ternary,0.017840089764297754,0.014893299852895307,0.03731071031936567,2.5308061004815907,0.02080149115753862,0.0175807439523531,0.0428684079312705,5.317287132471238
variant-02,wcY,wcY,ternary,0.04473845265805208,0.03264475096060697,0.10539494437513286,5.81214406282944,0.02134584211731759,0.019536063451662276,0.03216218939227311,6.474350192537302
variant-02,cY,wcY,pair,0.05927649833606798,0.04009929115277185,0.15674275843974272,5.6120039276601625,0.039030911935441774,0.03311877034165742,0.07943073583207405,5.522905325496895
variant-03,Bc,Bc,pair,0.017632065304718073,0.014839210864949487,0.03394603461614557,6.770124991618363,0.013384992005124604,0.01145338054924724,0.02620380138778311,3.6548971753269752
variant-03,Bwc,Bc,ternary,0.03356704148293769,0.029714322070271394,0.053581256292387414,12.794497733554484,0.027582761571601687,0.025308337133667064,0.04545254610497301,10.830819131531491
variant-03,bWc,bWc,ternary,0.024115717070866124,0.019665368857500587,0.038766494165172916,10.836042032651587,0.02407081608131312,0.019860018652323633,0.05737834469080477,8.033875124154283
variant-03,BC,bWc,pair,0.028299579088894734,0.021077141415695895,0.0638882227892627,5.764830927034875,0.0176419293596519,0.01596176225497367,0.027670734365849797,4.8546678479210135
variant-03,bwC,bwC,ternary,0.032670353292370925,0.024771237079688282,0.08257599269426139,4.887374779478649,0.015508944248900315,0.011469394303565493,0.03407396553725561,2.584232290723363
variant-03,bC,bwC,pair,0.03498027819431216,0.029689784673851083,0.0736238637613954,7.584805262770267,0.01748420225258847,0.013607326934786352,0.04092752845732123,5.384337110297503
variant-03,By,By,pair,0.015911829399428378,0.013513222100267442,0.03835737753441931,2.9184318711753514,0.015221700035528845,0.013964052334308913,0.02433445886959365,5.9413165910915975
variant-03,Bwy,By,ternary,0.030262761212630447,0.023440899240645727,0.06473412936252851,3.8071595896019472,0.018508135037097577,0.014834488944563162,0.0434733015752167,6.100241394615103
variant-03,bWy,bWy,ternary,0.04021533757348391,0.031387088080006356,0.09826900969294522,5.620244426881471,0.035467442920231566,0.025895953401947877,0.0877104626515058,4.949436733203466
variant-03,BY,bWy,pair,0.023807711579209072,0.020377097324940356,0.04925893710273917,5.423849732133094,0.01497575706124238,0.013460233479032293,0.03636007194358093,2.951990953757054
variant-03,Bcy,Bcy,ternary,0.025029376153772938,0.018435122287458954,0.05700088258870223,9.700028623716086,0.02823275199474639,0.022873951224826532,0.05095848179425476,10.421465460007386
variant-03,Wcy,Wcy,ternary,0.08555047567298094,0.05692458719959473,0.19160532509690908,4.977909524073375,0.04799297228049438,0.03470927214574594,0.1141882500949083,5.308474715891158
variant-03,CY,Wcy,pair,0.02848653005960112,0.024525446735071534,0.06222398600663426,5.980338374819835,0.04021479897206765,0.03530062588445969,0.08866974361928437,8.14114831104379
variant-03,bCy,bCy,ternary,0.00841391247020076,0.006446112526724863,0.021499258221271356,1.8023830836482053,0.025470365811435865,0.017261416239795407,0.08583122807107507,3.7823396063716657
variant-03,wCy,wCy,ternary,0.0427205281072541,0.0287278359117553,0.10095166321872606,4.088069393850256,0.012527330640001017,0.012015416566616926,0.015615340645650087,2.8764503540008106
variant-03,Cy,wCy,pair,0.051539464298080935,0.03674412453836738,0.10204535363082429,4.912608744163774,0.03251003424739683,0.026026904727999473,0.06939853833749199,6.456910726988207
variant-03,bwY,bwY,ternary,0.03376875185154099,0.026730260080867287,0.0815532858071349,10.172241346311873,0.03008924397429033,0.025032201806084453,0.06461979268514055,9.585057107876349
variant-03,bY,bwY,pair,0.05333749198419407,0.04307895855545327,0.11630361084773669,9.08422909022187,0.031794527657411586,0.024588848399869006,0.07117984582815866,6.60422751301173
variant-03,bcY,bcY,ternary,0.01659271466933739,0.014247565214572305,0.03250819921336237,2.366571034382956,0.019010481945581647,0.016116307312894432,0.04035078109443346,4.657664166419578
variant-03,wcY,wcY,ternary,0.044032797946316614,0.03224791482531361,0.10369765941466225,5.9569836910032015,0.02146003737158623,0.01963924828753585,0.031988336836506676,6.595838309428588
variant-03,cY,wcY,pair,0.05843507202051702,0.039650069018105714,0.15443913218915828,5.687737899627839,0.03879607334676318,0.03295895549923491,0.07862165693486534,5.575443520968868
variant-04,Bc,Bc,pair,0.01819765955609568,0.015249008264840339,0.03413795383196651,6.844054951052938,0.013427393460657763,0.01160971418417806,0.026076298690477534,3.7664938879587044
variant-04,Bwc,Bc,ternary,0.03396183256281985,0.03016689997529542,0.05358852763329442,12.642623903697713,0.027695063419653675,0.02536797945749762,0.04671904068919447,10.639018040668295
variant-04,bWc,bWc,ternary,0.023907057422365645,0.01965199660501328,0.03859707763726785,10.615351248681707,0.024152400993322106,0.019806859016862365,0.05920167687182881,7.997464123900015
variant-04,BC,bWc,pair,0.02850747588602646,0.021519909493042725,0.06373050587703949,5.449508988169364,0.017822111672145497,0.016241335401045234,0.026964188576021023,4.784024323317521
variant-04,bwC,bwC,ternary,0.032967744475265404,0.025228044230395926,0.08187446489431174,4.853154389757527,0.015571579281221997,0.011500379609949218,0.03404137619925807,2.4313627199566175
variant-04,bC,bwC,pair,0.035300941058413596,0.030193046671755857,0.07297670758062058,7.484865814947601,0.01737164436685247,0.013242509868734391,0.04124614496033406,5.449170621664313
variant-04,By,By,pair,0.015265643126678942,0.013348960926709681,0.033509984379306745,2.9467234576253487,0.01493695832333366,0.013555726877474084,0.023911970733976745,5.913312959899034
variant-04,Bwy,By,ternary,0.030360231384201367,0.02345061556410553,0.0637864009486304,3.9374473212105126,0.018270367449905296,0.014663185191147832,0.04231935568937921,6.297210465978827
variant-04,bWy,bWy,ternary,0.039909230420871966,0.03150663315876964,0.09706396076237979,5.751084510048748,0.03497970888273846,0.02649436926129654,0.0864751131138304,5.409204964272879
variant-04,BY,bWy,pair,0.02359879290986116,0.02014532901522946,0.04855859610376086,5.357234104688781,0.014854633990391585,0.013424115160844043,0.03602242370328429,3.0130306652110668
variant-04,Bcy,Bcy,ternary,0.024827923910847753,0.01799761999340601,0.05691669879549094,9.387070608021792,0.028657859995812076,0.023225889849507943,0.051191945962822824,10.392410298888892
variant-04,Wcy,Wcy,ternary,0.08603598619916951,0.05743540158630434,0.19192115700326995,4.69977947604059,0.049480968691101856,0.03600171208492031,0.1165947595156489,4.754462227187134
variant-04,CY,Wcy,pair,0.028721670762387443,0.02489354332557065,0.06153162692708192,6.08718316168992,0.03976621278186323,0.034782681093360246,0.10005259032190483,8.24767980563695
variant-04,bCy,bCy,ternary,0.008445480143603265,0.0065672397269808495,0.021253921949838772,2.065450059772214,0.026263934641147235,0.01794663266821109,0.08851020549074146,4.240387716104885
variant-04,wCy,wCy,ternary,0.05276980620052497,0.03656533670662156,0.11012245299881468,4.475986134169906,0.02072560882427307,0.017042953340120494,0.04207085389397558,4.184288180836879
variant-04,Cy,wCy,pair,0.042385051998835556,0.029931534687202825,0.10794789472462551,3.8707400091838746,0.017251591352734862,0.015545299615090278,0.026388372455924014,4.196587066339188
variant-04,bwY,bwY,ternary,0.033685525003113274,0.02683521598945378,0.08062786333925527,9.898871142933114,0.02928032924223168,0.02425606878443016,0.06343341928836296,8.98885851373727
variant-04,bY,bwY,pair,0.05356589065996772,0.04310537416939477,0.11805593552457122,9.000566899584689,0.03163306642089389,0.024588948585331966,0.06991341734633942,6.247402616037953
variant-04,bcY,bcY,ternary,0.01654566747679976,0.014184805630273602,0.03232404294238825,2.553114467021714,0.020958465216087463,0.017847507580091033,0.043512623488925234,5.286566609780155
variant-04,wcY,wcY,ternary,0.04466497771551442,0.03330600738208769,0.10451776844428962,5.718278571990847,0.020505071903843392,0.01854390914696554,0.03673113331862321,5.941445631124141
variant-04,cY,wcY,pair,0.058332379240822435,0.03922313782157607,0.15357380346684923,4.930957801623301,0.03402618045583194,0.02806444378531953,0.07415073698893704,3.7683192307449325
variant-05,Bc,Bc,pair,0.018222320960806934,0.015342577468757912,0.03410373346960909,6.9869662306755025,0.013571108758258104,0.01170380880819561,0.02643863102511318,3.899572887522489
variant-05,Bwc,Bc,ternary,0.03389136820084961,0.029914910649922192,0.05361970044175601,12.758447339380426,0.027838518778995104,0.025529319463083993,0.04715964275651241,10.822452145236612
variant-05,bWc,bWc,ternary,0.02398378367172068,0.019802022073268966,0.03876241532738336,10.665498004537662,0.024247591430313974,0.019857365594082164,0.05947135346130572,8.093085873847686
variant-05,BC,bWc,pair,0.028876528752191634,0.02168821250520854,0.06525602449387186,5.511223136948531,0.017843840802151092,0.01614659380293181,0.027364873808002704,4.797938822015669
variant-05,bwC,bwC,ternary,0.03341087451702025,0.025373854221382105,0.0840062480375092,4.899811086747177,0.015669919379809716,0.011496177170443178,0.034983086813207664,2.5064467221386493
variant-05,bC,bwC,pair,0.03565502241252482,0.030270763838725092,0.07511278086227124,7.502219913124468,0.01747960876359082,0.013448590158006958,0.041007928534528726,5.500288551126671
variant-05,By,By,pair,0.026013939917352676,0.01925706896376035,0.05448860266400207,6.265908847021053,0.010398651600043616,0.008606905001255698,0.020808991181440264,8.006457709391443
variant-05,Bwy,By,ternary,0.03053275363657352,0.023623219469625836,0.06494612640106993,3.8966761783005066,0.018334159109965994,0.014648724433628016,0.04350021523425911,6.212284905050406
variant-05,bWy,bWy,ternary,0.03959710466068501,0.031132291712203893,0.09769186409868676,5.302962202780949,0.034184181499397594,0.025061091823543172,0.08575397024309903,4.616699266865815
variant-05,BY,bWy,pair,0.022672969897518238,0.019161119892754066,0.048607680534327194,5.675843409427807,0.016760552455438945,0.011816542755095905,0.055191580329705364,2.9710438264738177
variant-05,Bcy,Bcy,ternary,0.025619076172018626,0.01841448286734237,0.060423325658775395,9.481731958077336,0.02981059089300526,0.02407649363826652,0.052779770427958284,10.48255181543104
variant-05,Wcy,Wcy,ternary,0.06137484728562464,0.04894962195306376,0.1337440376232446,6.540719219391851,0.03100740175112042,0.026440115122079354,0.05385139252550031,7.972564331770004
variant-05,CY,Wcy,pair,0.028987177016438697,0.02485228886060516,0.06434049338341441,5.970208695747807,0.040291692819025525,0.03539437163796213,0.08880367318542026,8.124889795475042
variant-05,bCy,bCy,ternary,0.008118426693911057,0.006360769923768243,0.018028196886791137,2.050437302124425,0.02485933570269766,0.017198364078340713,0.08296431161666573,3.998581558721468
variant-05,wCy,wCy,ternary,0.0430640878112458,0.02890923369712252,0.10198045957163648,4.054240045943953,0.012502734597197194,0.011982021804278823,0.015634285531475174,2.8828031866916994
variant-05,Cy,wCy,pair,0.05187638172206447,0.0369654426221655,0.10279187561307063,4.938678090858169,0.03231335752115833,0.02591234143014722,0.06881497502586986,6.452992098159213
variant-05,bwY,bwY,ternary,0.035441295767591974,0.029032470031241122,0.08092868028314117,11.749935757950334,0.03322079975589653,0.02867475529575189,0.07553798578922855,11.38168032226988
variant-05,bY,bwY,pair,0.05209774019794401,0.044157391315883594,0.10657166625423212,10.694752030254996,0.0299028027882114,0.023430322297245405,0.0633162182183982,9.385968855072456
variant-05,bcY,bcY,ternary,0.017840089764297754,0.014893299852895307,0.03731071031936567,2.5308061004815907,0.02080149115753862,0.0175807439523531,0.0428684079312705,5.317287132471238
variant-05,wcY,wcY,ternary,0.04473845265805208,0.03264475096060697,0.10539494437513286,5.81214406282944,0.02134584211731759,0.019536063451662276,0.03216218939227311,6.474350192537302
variant-05,cY,wcY,pair,0.05927649833606798,0.04009929115277185,0.15674275843974272,5.6120039276601625,0.039030911935441774,0.03311877034165742,0.07943073583207405,5.522905325496895
variant-06,Bc,Bc,pair,0.017632065304718073,0.014839210864949487,0.03394603461614557,6.770124991618363,0.013384992005124604,0.01145338054924724,0.02620380138778311,3.6548971753269752
variant-06,Bwc,Bc,ternary,0.03356704148293769,0.029714322070271394,0.053581256292387414,12.794497733554484,0.027582761571601687,0.025308337133667064,0.04545254610497301,10.830819131531491
variant-06,bWc,bWc,ternary,0.024115717070866124,0.019665368857500587,0.038766494165172916,10.836042032651587,0.02407081608131312,0.019860018652323633,0.05737834469080477,8.033875124154283
variant-06,BC,bWc,pair,0.028299579088894734,0.021077141415695895,0.0638882227892627,5.764830927034875,0.0176419293596519,0.01596176225497367,0.027670734365849797,4.8546678479210135
variant-06,bwC,bwC,ternary,0.032670353292370925,0.024771237079688282,0.08257599269426139,4.887374779478649,0.015508944248900315,0.011469394303565493,0.03407396553725561,2.584232290723363
variant-06,bC,bwC,pair,0.03498027819431216,0.029689784673851083,0.0736238637613954,7.584805262770267,0.01748420225258847,0.013607326934786352,0.04092752845732123,5.384337110297503
variant-06,By,By,pair,0.015911829399428378,0.013513222100267442,0.03835737753441931,2.9184318711753514,0.015221700035528845,0.013964052334308913,0.02433445886959365,5.9413165910915975
variant-06,Bwy,By,ternary,0.030262761212630447,0.023440899240645727,0.06473412936252851,3.8071595896019472,0.018508135037097577,0.014834488944563162,0.0434733015752167,6.100241394615103
variant-06,bWy,bWy,ternary,0.04021533757348391,0.031387088080006356,0.09826900969294522,5.620244426881471,0.035467442920231566,0.025895953401947877,0.0877104626515058,4.949436733203466
variant-06,BY,bWy,pair,0.023807711579209072,0.020377097324940356,0.04925893710273917,5.423849732133094,0.01497575706124238,0.013460233479032293,0.03636007194358093,2.951990953757054
variant-06,Bcy,Bcy,ternary,0.025029376153772938,0.018435122287458954,0.05700088258870223,9.700028623716086,0.02823275199474639,0.022873951224826532,0.05095848179425476,10.421465460007386
variant-06,Wcy,Wcy,ternary,0.06090497069242219,0.04854668367129212,0.13289548792095407,6.584147450664465,0.03115616044496847,0.026439961830049225,0.05441038175635027,8.027809204636531
variant-06,CY,Wcy,pair,0.02848653005960112,0.024525446735071534,0.06222398600663426,5.980338374819835,0.04021479897206765,0.03530062588445969,0.08866974361928437,8.14114831104379
variant-06,bCy,bCy,ternary,0.00841391247020076,0.006446112526724863,0.021499258221271356,1.8023830836482053,0.025470365811435865,0.017261416239795407,0.08583122807107507,3.7823396063716657
variant-06,wCy,wCy,ternary,0.0427205281072541,0.0287278359117553,0.10095166321872606,4.088069393850256,0.012527330640001017,0.012015416566616926,0.015615340645650087,2.8764503540008106
variant-06,Cy,wCy,pair,0.051539464298080935,0.03674412453836738,0.10204535363082429,4.912608744163774,0.03251003424739683,0.026026904727999473,0.06939853833749199,6.456910726988207
variant-06,bwY,bwY,ternary,0.03376875185154099,0.026730260080867287,0.0815532858071349,10.172241346311873,0.03008924397429033,0.025032201806084453,0.06461979268514055,9.585057107876349
variant-06,bY,bwY,pair,0.05333749198419407,0.04307895855545327,0.11630361084773669,9.08422909022187,0.031794527657411586,0.024588848399869006,0.07117984582815866,6.60422751301173
variant-06,bcY,bcY,ternary,0.01659271466933739,0.014247565214572305,0.03250819921336237,2.366571034382956,0.019010481945581647,0.016116307312894432,0.04035078109443346,4.657664166419578
variant-06,wcY,wcY,ternary,0.044032797946316614,0.03224791482531361,0.10369765941466225,5.9569836910032015,0.02146003737158623,0.01963924828753585,0.031988336836506676,6.595838309428588
variant-06,cY,wcY,pair,0.05843507202051702,0.039650069018105714,0.15443913218915828,5.687737899627839,0.03879607334676318,0.03295895549923491,0.07862165693486534,5.575443520968868
