nm,K,S
3.800000000000000000e+02,1.145419291371239153e-04,4.846806767066018096e-01
3.850000000000000000e+02,1.145462841195532262e-04,4.846806745293679164e-01
3.900000000000000000e+02,1.145655546090662308e-04,4.846806648952616814e-01
3.950000000000000000e+02,1.146144625930666736e-04,4.846806404441600380e-01
4.000000000000000000e+02,1.147307809151420480e-04,4.846805822918782702e-01
4.050000000000000000e+02,1.149998985879086596e-04,4.846804477489847218e-01
4.100000000000000000e+02,1.155328384412644194e-04,4.846801813107400880e-01
4.150000000000000000e+02,1.165964275913776899e-04,4.846796495798309512e-01
4.200000000000000000e+02,1.186543059831906682e-04,4.846786207654750211e-01
4.250000000000000000e+02,1.225752674078343040e-04,4.846766605286706997e-01
4.300000000000000000e+02,1.297448267632386233e-04,4.846730762154883299e-01
4.350000000000000000e+02,1.420083500516480411e-04,4.846669453132392280e-01
4.400000000000000000e+02,1.629691193073773772e-04,4.846564665770696778e-01
4.450000000000000000e+02,1.990781242652450874e-04,4.846384154457848426e-01
4.500000000000000000e+02,2.626689085709327091e-04,4.846066276254693550e-01
4.550000000000000000e+02,3.806588837269903221e-04,4.845476522119279150e-01
4.600000000000000000e+02,6.156513276641278638e-04,4.844302163641629466e-01
4.650000000000000000e+02,1.130713721018960453e-03,4.841729171192482584e-01
4.700000000000000000e+02,2.389023999781960447e-03,4.835449040696224166e-01
4.750000000000000000e+02,5.785269028429981461e-03,4.818539404782523627e-01
4.800000000000000000e+02,1.562043291746524100e-02,4.769906438062087584e-01
4.850000000000000000e+02,4.351809628174161532e-02,4.634670134103320294e-01
4.900000000000000000e+02,1.098129748791802085e-01,4.329311874026147144e-01
4.950000000000000000e+02,2.258621283565999949e-01,3.847880331938404730e-01
5.000000000000000000e+02,3.741732883168272794e-01,3.325019306341349679e-01
5.050000000000000000e+02,5.250610205703972744e-01,2.887345289319656616e-01
5.100000000000000000e+02,6.582645441983403511e-01,2.567848953994935068e-01
5.150000000000000000e+02,7.661718855862943434e-01,2.347536109732084042e-01
5.200000000000000000e+02,8.493156286912699748e-01,2.197839083239224167e-01
5.250000000000000000e+02,9.118206086400272303e-01,2.095407308566268334e-01
5.300000000000000000e+02,9.582907197301022695e-01,2.024345331135374293e-01
5.350000000000000000e+02,9.927586754525272728e-01,1.974241802484286157e-01
5.400000000000000000e+02,1.018507556592294971e+00,1.938182559516930803e-01
5.450000000000000000e+02,1.037924653804412012e+00,1.911734146122224254e-01
5.500000000000000000e+02,1.052709607435691419e+00,1.892011018753838314e-01
5.550000000000000000e+02,1.064174698790075979e+00,1.876958276928488156e-01
5.600000000000000000e+02,1.073497222052313349e+00,1.864871362036130686e-01
5.650000000000000000e+02,1.081957720352502372e+00,1.854018952062760350e-01
5.700000000000000000e+02,1.091513778219874720e+00,1.841893120881039347e-01
5.750000000000000000e+02,1.106281755270650535e+00,1.823424363451299490e-01
5.800000000000000000e+02,1.137058348409332176e+00,1.785961811101796914e-01
5.850000000000000000e+02,1.214206553083139628e+00,1.697784795963927784e-01
5.900000000000000000e+02,1.397862321707886935e+00,1.516425527330307332e-01
5.950000000000000000e+02,1.681821526643397791e+00,1.297085165727287492e-01
6.000000000000000000e+02,1.924138601520375191e+00,1.152181326101693604e-01
6.050000000000000000e+02,2.066261955763081026e+00,1.080659779902157086e-01
6.100000000000000000e+02,2.138936914309362614e+00,1.047264395644746798e-01
6.150000000000000000e+02,2.174982416206863167e+00,1.031422377289774595e-01
6.200000000000000000e+02,2.192690168725549782e+00,1.023806635207495375e-01
6.250000000000000000e+02,2.201158620670091715e+00,1.020202460302723491e-01
6.300000000000000000e+02,2.204976864438401574e+00,1.018585351492757307e-01
6.350000000000000000e+02,2.206466680342450193e+00,1.017955713067746765e-01
6.400000000000000000e+02,2.206810440971956222e+00,1.017810535929316029e-01
6.450000000000000000e+02,2.206641420399648723e+00,1.017881911814324247e-01
6.500000000000000000e+02,2.206290105375794841e+00,1.018030299705542929e-01
6.550000000000000000e+02,2.205912561208810629e+00,1.018189812420515344e-01
6.600000000000000000e+02,2.205576527388118713e+00,1.018331827254592842e-01
6.650000000000000000e+02,2.205304008305447816e+00,1.018447027313229836e-01
6.700000000000000000e+02,2.205095152077991116e+00,1.018535332522403913e-01
6.750000000000000000e+02,2.204941189400980939e+00,1.018600437920076096e-01
6.800000000000000000e+02,2.204830364652174968e+00,1.018647306740238373e-01
6.850000000000000000e+02,2.204752714043000772e+00,1.018680148368402427e-01
6.900000000000000000e+02,2.204698180478680936e+00,1.018703214062269269e-01
6.950000000000000000e+02,2.204659101179682335e+00,1.018719743785073822e-01
7.000000000000000000e+02,2.204631163671472827e+00,1.018731561079270764e-01
7.050000000000000000e+02,2.204611425677020620e+00,1.018739910217197481e-01
7.100000000000000000e+02,2.204597697863919237e+00,1.018745717135959572e-01
7.150000000000000000e+02,2.204588363290531206e+00,1.018749665733311160e-01
7.200000000000000000e+02,2.204581888147132851e+00,1.018752404786694293e-01
7.250000000000000000e+02,2.204577244864577956e+00,1.018754368952464323e-01
7.300000000000000000e+02,2.204573985547052306e+00,1.018755747688296631e-01
7.350000000000000000e+02,2.204571761102647187e+00,1.018756688660715642e-01
7.400000000000000000e+02,2.204570282499290101e+00,1.018757314132416741e-01
7.450000000000000000e+02,2.204569337220759095e+00,1.018757713999993014e-01
7.500000000000000000e+02,2.204568731596590059e+00,1.018757970188629847e-01
7.550000000000000000e+02,2.204568343284739385e+00,1.018758134450771097e-01
7.600000000000000000e+02,2.204568087618123506e+00,1.018758242601878194e-01
7.650000000000000000e+02,2.204567910949609910e+00,1.018758317335525382e-01
7.700000000000000000e+02,2.204567802300671620e+00,1.018758363295793751e-01
7.750000000000000000e+02,2.204567750362966816e+00,1.018758385266289035e-01
7.800000000000000000e+02,2.204567737314769627e+00,1.018758390785889228e-01
