method,repeat,iterations,ns_per_mix
sRGB,0.000000000000e0,1.000000000000e5,1.722653000000e1
sRGB,1.000000000000e0,1.000000000000e5,1.674791000000e1
sRGB,2.000000000000e0,1.000000000000e5,1.531556000000e1
sRGB,3.000000000000e0,1.000000000000e5,1.571175000000e1
sRGB,4.000000000000e0,1.000000000000e5,1.528532000000e1
sRGB,5.000000000000e0,1.000000000000e5,1.539368000000e1
sRGB,6.000000000000e0,1.000000000000e5,1.563794000000e1
linear RGB,0.000000000000e0,1.000000000000e5,1.459539000000e2
linear RGB,1.000000000000e0,1.000000000000e5,1.447625200000e2
linear RGB,2.000000000000e0,1.000000000000e5,1.465456900000e2
linear RGB,3.000000000000e0,1.000000000000e5,1.471829400000e2
linear RGB,4.000000000000e0,1.000000000000e5,1.467525000000e2
linear RGB,5.000000000000e0,1.000000000000e5,1.721280300000e2
linear RGB,6.000000000000e0,1.000000000000e5,1.503489000000e2
OKLab,0.000000000000e0,1.000000000000e5,2.743706200000e2
OKLab,1.000000000000e0,1.000000000000e5,2.653461900000e2
OKLab,2.000000000000e0,1.000000000000e5,2.680688600000e2
OKLab,3.000000000000e0,1.000000000000e5,2.725302600000e2
OKLab,4.000000000000e0,1.000000000000e5,2.675588000000e2
OKLab,5.000000000000e0,1.000000000000e5,2.689132400000e2
OKLab,6.000000000000e0,1.000000000000e5,2.626928100000e2
v0.1 RGB,0.000000000000e0,1.000000000000e5,5.790055900000e2
v0.1 RGB,1.000000000000e0,1.000000000000e5,5.490797300000e2
v0.1 RGB,2.000000000000e0,1.000000000000e5,5.667298900000e2
v0.1 RGB,3.000000000000e0,1.000000000000e5,5.803044500000e2
v0.1 RGB,4.000000000000e0,1.000000000000e5,5.556243400000e2
v0.1 RGB,5.000000000000e0,1.000000000000e5,5.622022100000e2
v0.1 RGB,6.000000000000e0,1.000000000000e5,5.658836300000e2
v0.2 RGB,0.000000000000e0,1.000000000000e5,1.048437130000e3
v0.2 RGB,1.000000000000e0,1.000000000000e5,1.033906350000e3
v0.2 RGB,2.000000000000e0,1.000000000000e5,1.077322330000e3
v0.2 RGB,3.000000000000e0,1.000000000000e5,1.015863700000e3
v0.2 RGB,4.000000000000e0,1.000000000000e5,1.041877200000e3
v0.2 RGB,5.000000000000e0,1.000000000000e5,1.035600090000e3
v0.2 RGB,6.000000000000e0,1.000000000000e5,1.019241170000e3
v0.2 cached,0.000000000000e0,1.000000000000e5,2.240242400000e2
v0.2 cached,1.000000000000e0,1.000000000000e5,2.301657500000e2
v0.2 cached,2.000000000000e0,1.000000000000e5,2.329490200000e2
v0.2 cached,3.000000000000e0,1.000000000000e5,2.351919900000e2
v0.2 cached,4.000000000000e0,1.000000000000e5,2.295873700000e2
v0.2 cached,5.000000000000e0,1.000000000000e5,2.254305500000e2
v0.2 cached,6.000000000000e0,1.000000000000e5,2.232764200000e2
v0.2 reference,0.000000000000e0,1.000000000000e5,2.778089360000e3
v0.2 reference,1.000000000000e0,1.000000000000e5,2.806159850000e3
v0.2 reference,2.000000000000e0,1.000000000000e5,2.873930900000e3
v0.2 reference,3.000000000000e0,1.000000000000e5,2.893741590000e3
v0.2 reference,4.000000000000e0,1.000000000000e5,2.865936210000e3
v0.2 reference,5.000000000000e0,1.000000000000e5,2.786001880000e3
v0.2 reference,6.000000000000e0,1.000000000000e5,2.798238420000e3
v0.1 cached,0.000000000000e0,1.000000000000e5,1.850885700000e2
v0.1 cached,1.000000000000e0,1.000000000000e5,1.765454600000e2
v0.1 cached,2.000000000000e0,1.000000000000e5,1.755163200000e2
v0.1 cached,3.000000000000e0,1.000000000000e5,1.797637900000e2
v0.1 cached,4.000000000000e0,1.000000000000e5,1.782928800000e2
v0.1 cached,5.000000000000e0,1.000000000000e5,1.760297900000e2
v0.1 cached,6.000000000000e0,1.000000000000e5,1.809970400000e2
