id,r,g,b,old_deltaE00,new_deltaE00
2.688000000000000000e+03,1.949401497840999864e-01,2.335685491561999977e-02,4.525715112685999714e-02,2.022081562387216991e+01,8.502702048322638984e-01
3.424000000000000000e+03,1.526452898978999939e-01,3.510278463363999957e-02,1.503331661223999971e-01,2.000740386343957056e+01,8.132861401580570027e-01
9.000000000000000000e+02,1.583642363547999865e-01,7.550716400145999737e-04,2.276404500007999931e-01,2.407327406590322738e+01,8.088518546887957239e-01
5.274000000000000000e+03,1.957896947861000048e-01,1.058691740035999987e-02,1.876752376556000135e-01,2.285760837691708502e+01,7.858453282987013511e-01
2.817000000000000000e+03,2.175257205962999874e-01,1.988506317139000085e-02,4.428035020828000046e-02,2.110542827676733424e+01,7.706699465780889602e-01
3.910000000000000000e+02,1.485993266105999910e-01,4.083704948425000147e-02,1.198729872703999944e-01,1.816686039341290382e+01,7.658118825332939084e-01
4.725000000000000000e+03,1.315997838974000134e-01,1.265454292297000030e-02,2.160257697104999985e-01,2.333779990757036060e+01,7.561149494190110287e-01
6.755000000000000000e+03,8.765006065369000676e-02,4.518240690230999890e-02,2.723910808562999830e-01,2.352356554543489864e+01,7.537835110472055344e-01
2.643000000000000000e+03,1.235570311545999972e-01,1.820296049118000012e-02,2.222548723221000055e-01,2.324646297971381514e+01,7.537561090311671874e-01
2.016000000000000000e+03,5.627340078353999797e-02,2.660018205642999956e-02,3.159137368202000196e-01,2.533721563831279511e+01,7.529639208884482127e-01
3.534000000000000000e+03,2.111277580261000097e-01,2.338057756424000155e-02,1.172276735305999990e-01,2.111408121513698433e+01,7.492816270198781048e-01
7.480000000000000000e+02,1.395111083984000022e-01,6.551808118820000304e-02,1.883171796798999986e-01,1.893823737935641560e+01,7.480228460265617718e-01
