backend,operation,batch,repeat,iterations,ns_per_color
mixbox,encode,1,0,500,268338.399939239
mixbox,encode,1,1,500,259491.00009165704
mixbox,encode,1,2,500,257074.800087139
mixbox,encode,1,3,500,281101.79991927
mixbox,encode,1,4,500,268715.0000128895
mixbox,encode,1,5,500,282656.19999729097
mixbox,encode,1,6,500,300805.40000926703
mixbox,decode,1,0,500,36313.59990686178
mixbox,decode,1,1,500,34584.60001274943
mixbox,decode,1,2,500,35602.59996447712
mixbox,decode,1,3,500,34274.99998360872
mixbox,decode,1,4,500,34005.39990980178
mixbox,decode,1,5,500,31357.400002889335
mixbox,decode,1,6,500,46571.80001959205
mixbox,full_rgb_mix,1,0,500,593699.200078845
mixbox,full_rgb_mix,1,1,500,633857.5999252498
mixbox,full_rgb_mix,1,2,500,646203.8001045585
mixbox,full_rgb_mix,1,3,500,597358.4000021219
mixbox,full_rgb_mix,1,4,500,615225.9999653326
mixbox,full_rgb_mix,1,5,500,675607.4000149965
mixbox,full_rgb_mix,1,6,500,607455.7999381794
mixbox,encode,64,0,468,4471.267359796414
mixbox,encode,64,1,468,4788.962339969456
mixbox,encode,64,2,468,4583.65384746817
mixbox,encode,64,3,468,4792.955396779635
mixbox,encode,64,4,468,5587.282986299316
mixbox,encode,64,5,468,4347.1955131801815
mixbox,encode,64,6,468,4656.430288129282
mixbox,decode,64,0,468,607.4519233074652
mixbox,decode,64,1,468,582.8559022851022
mixbox,decode,64,2,468,567.7784448714666
mixbox,decode,64,3,468,659.0110827260999
mixbox,decode,64,4,468,643.5162935630591
mixbox,decode,64,5,468,711.7421202378747
mixbox,decode,64,6,468,710.817307935163
mixbox,full_rgb_mix,64,0,468,11396.040331147427
mixbox,full_rgb_mix,64,1,468,13058.169737337459
mixbox,full_rgb_mix,64,2,468,11389.446447918821
mixbox,full_rgb_mix,64,3,468,10151.709402557144
mixbox,full_rgb_mix,64,4,468,11564.486511714575
mixbox,full_rgb_mix,64,5,468,10431.103098595391
mixbox,full_rgb_mix,64,6,468,10571.357504762314
mixbox,encode,1024,0,29,640.5138743377455
mixbox,encode,1024,1,29,646.3429415283638
mixbox,encode,1024,2,29,640.5946939186582
mixbox,encode,1024,3,29,716.5241119513792
mixbox,encode,1024,4,29,1298.1815733963167
mixbox,encode,1024,5,29,1071.23518209219
mixbox,encode,1024,6,29,721.7840785133062
mixbox,decode,1024,0,29,102.38079147680325
mixbox,decode,1024,1,29,84.09213298113298
mixbox,decode,1024,2,29,85.72198276883212
mixbox,decode,1024,3,29,89.71241821451133
mixbox,decode,1024,4,29,96.36651470671119
mixbox,decode,1024,5,29,108.02464908794781
mixbox,decode,1024,6,29,119.31573375289284
mixbox,full_rgb_mix,1024,0,29,1385.8533128737251
mixbox,full_rgb_mix,1024,1,29,1406.990840035272
mixbox,full_rgb_mix,1024,2,29,1653.4381737481704
mixbox,full_rgb_mix,1024,3,29,2234.129175545165
mixbox,full_rgb_mix,1024,4,29,1598.7776127358616
mixbox,full_rgb_mix,1024,5,29,1643.2852903406078
mixbox,full_rgb_mix,1024,6,29,1767.7869060395913
mixbox,encode,4096,0,7,609.5040459643185
mixbox,encode,4096,1,7,525.8823949004311
mixbox,encode,4096,2,7,706.6789891041481
mixbox,encode,4096,3,7,695.6403463423807
mixbox,encode,4096,4,7,678.3098496855798
mixbox,encode,4096,5,7,599.5465954811152
mixbox,encode,4096,6,7,634.6784309536296
mixbox,decode,4096,0,7,86.13281262829072
mixbox,decode,4096,1,7,63.64048488194385
mixbox,decode,4096,2,7,65.76102253217998
mixbox,decode,4096,3,7,45.99609480594933
mixbox,decode,4096,4,7,87.60811860091573
mixbox,decode,4096,5,7,61.87918545817541
mixbox,decode,4096,6,7,57.79854867731566
mixbox,full_rgb_mix,4096,0,7,1636.2723219539735
mixbox,full_rgb_mix,4096,1,7,1387.8662100198978
mixbox,full_rgb_mix,4096,2,7,1478.4737731231091
mixbox,full_rgb_mix,4096,3,7,1431.5708694669281
mixbox,full_rgb_mix,4096,4,7,1291.9259201485797
mixbox,full_rgb_mix,4096,5,7,1174.8988555382311
mixbox,full_rgb_mix,4096,6,7,1223.1061654282323
ochrell,encode,1,0,500,20687.80001718551
ochrell,encode,1,1,500,27975.79998150468
ochrell,encode,1,2,500,31698.79992492497
ochrell,encode,1,3,500,21205.400000326335
ochrell,encode,1,4,500,26879.000011831522
ochrell,encode,1,5,500,39130.59993647039
ochrell,encode,1,6,500,25772.59996905923
ochrell,decode,1,0,500,40968.00007391721
ochrell,decode,1,1,500,43874.59997087717
ochrell,decode,1,2,500,49718.800000846386
ochrell,decode,1,3,500,55334.59992147982
ochrell,decode,1,4,500,29862.800030969083
ochrell,decode,1,5,500,19830.600009299815
ochrell,decode,1,6,500,22225.80008674413
ochrell,full_rgb_mix,1,0,500,112175.80002266914
ochrell,full_rgb_mix,1,1,500,94491.79994408041
ochrell,full_rgb_mix,1,2,500,91342.80006401241
ochrell,full_rgb_mix,1,3,500,101660.40004696697
ochrell,full_rgb_mix,1,4,500,85480.40001187474
ochrell,full_rgb_mix,1,5,500,85948.59996810555
ochrell,full_rgb_mix,1,6,500,94225.20000953227
ochrell,encode,64,0,468,575.7845887522766
ochrell,encode,64,1,468,620.6764154716765
ochrell,encode,64,2,468,612.5701105717866
ochrell,encode,64,3,468,565.7652239348793
ochrell,encode,64,4,468,587.2863230485027
ochrell,encode,64,5,468,578.181756375274
ochrell,encode,64,6,468,566.8703260719349
ochrell,decode,64,0,468,830.8360050164977
ochrell,decode,64,1,468,845.9568635950365
ochrell,decode,64,2,468,1095.5729179778814
ochrell,decode,64,3,468,928.0515497134458
ochrell,decode,64,4,468,877.5741176406851
ochrell,decode,64,5,468,904.3235830829825
ochrell,decode,64,6,468,833.1897714745918
ochrell,full_rgb_mix,64,0,468,2563.912259466035
ochrell,full_rgb_mix,64,1,468,2612.920672975781
ochrell,full_rgb_mix,64,2,468,2659.4918525115336
ochrell,full_rgb_mix,64,3,468,3246.454325485074
ochrell,full_rgb_mix,64,4,468,2716.4329604314626
ochrell,full_rgb_mix,64,5,468,2508.8241187388944
ochrell,full_rgb_mix,64,6,468,2394.9218745819494
ochrell,encode,1024,0,29,297.4205287877151
ochrell,encode,1024,1,29,314.2544446275459
ochrell,encode,1024,2,29,278.4381728094464
ochrell,encode,1024,3,29,300.38725738230477
ochrell,encode,1024,4,29,320.53475251814234
ochrell,encode,1024,5,29,307.7451518445992
ochrell,encode,1024,6,29,301.76118045723155
ochrell,decode,1024,0,29,426.4210678355022
ochrell,decode,1024,1,29,429.77168551919146
ochrell,decode,1024,2,29,391.7328928670533
ochrell,decode,1024,3,29,502.976831739943
ochrell,decode,1024,4,29,456.97063616648063
ochrell,decode,1024,5,29,403.313579070151
ochrell,decode,1024,6,29,443.6153023467843
ochrell,full_rgb_mix,1024,0,29,1712.5235715333285
ochrell,full_rgb_mix,1024,1,29,1794.642375428119
ochrell,full_rgb_mix,1024,2,29,1931.4385777479088
ochrell,full_rgb_mix,1024,3,29,2085.307787167729
ochrell,full_rgb_mix,1024,4,29,2273.2421872864634
ochrell,full_rgb_mix,1024,5,29,1907.0177786331974
ochrell,full_rgb_mix,1024,6,29,1825.7307390050646
ochrell,encode,4096,0,7,353.0831479890497
ochrell,encode,4096,1,7,381.4732139062471
ochrell,encode,4096,2,7,377.74135007241836
ochrell,encode,4096,3,7,338.8671875167607
ochrell,encode,4096,4,7,420.93680211304934
ochrell,encode,4096,5,7,379.07017258476117
ochrell,encode,4096,6,7,407.32073054121946
ochrell,decode,4096,0,7,445.79031818362375
ochrell,decode,4096,1,7,423.0887274811071
ochrell,decode,4096,2,7,598.8978780838546
ochrell,decode,4096,3,7,599.8500276811163
ochrell,decode,4096,4,7,673.9048562362119
ochrell,decode,4096,5,7,527.1379746675718
ochrell,decode,4096,6,7,457.67648007962896
ochrell,full_rgb_mix,4096,0,7,1624.3094295629946
ochrell,full_rgb_mix,4096,1,7,1602.158901294258
ochrell,full_rgb_mix,4096,2,7,1545.110212727455
ochrell,full_rgb_mix,4096,3,7,1619.7056364067716
ochrell,full_rgb_mix,4096,4,7,1562.1233261851687
ochrell,full_rgb_mix,4096,5,7,1474.2082876344805
ochrell,full_rgb_mix,4096,6,7,1476.977538621733
